,RabbiID,FullName,City,Country,Period,YearOfBirth,YearOfDeath,KnownFor,Notes,Sources,PlaceOfBirth,PlaceOfPtira,knownAs,ImageUrl,YoBHebrew,YoPHebrew
2,10002,רב האי בן שרירא גאון,פומבדיתא,בבל,המאה ה-10,939,1038,ראש ישיבת פומבדיתא; אחרון הגאונים; פוסק חשוב,נודע בצניעותו ובפסיקותיו; מורה לרבי ניסים גאון ואחרים,"אוה""ג; תשה""ג",פומבדיתא,בבל,רב האי גאון,NULL,       ,       
3,10003,רב חננאל בן חושיאל,קיירואן,תוניסיה,המאה ה-11,990,1053,פירוש על התלמוד מבית מדרשו של רב האי גאון,מייסד שיטת הפירוש ההמשכי לתלמוד,איגרות רב האי; ספר הערוך לרב נתן,קיירואן,קיירואן,רבינו חננאל,NULL,       ,       
4,10004,רב ניסים בן יעקב גאון,קיירואן,תוניסיה,המאה ה-11,990,1062,"מחבר ""ספר המפתח"" ו""שאלות ותשובות""",חברו הקרוב של רב חננאל; קיבל תשובות מרב האי גאון,ספר המפתח; תשובות רב האי גאון,קיירואן,קיירואן,רב ניסים גאון,NULL,       ,       
1,10001,רב שרירא בן חנינא גאון,פומבדיתא,בבל,המאה ה-10,906,1006,"ראש ישיבת פומבדיתא ומחבר ""איגרת רב שרירא גאון""",אביו של רב האי גאון; מתאר את תולדות התורה שבעל פה עד דורו,"איגרת רב שרירא גאון; אוה""ג",בבל,פומבדיתא,רב שרירא גאון,NULL,       ,
269,10269,רבי אביגדור כ״ץ מוינה,וינה,אשכנז,המאה ה-14,0,0,אב״ד וינה,מתועד היטב בספרות התקופה,JE,,,10000,NULL,       ,       
635,10635,רבי אברהם אבולעפיה מפרובאנס,נרבונה,פרובאנס,המאה ה-14,1290,1340,מקובל וחכם מפרובאנס,לא לבלבל עם המקובל הספרדי בעל “ספר האות”.,JE,נרבונה,נרבונה,               ,NULL,       ,       
312,10312,רבי אברהם אבן זאמירו,תוניס,תוניס,המאה ה-14,0,0,חכם ופוסק,מוזכר בספרי תולדות יהודי תוניס,EJ,,,               ,NULL,       ,       
207,10207,רבי אברהם אבן עזרא הצעיר,טולדו,קסטיליה,המאה ה-14,0,0,מפרש ופייטן,מן הענף הספרדי המאוחר של משפחת אבן עזרא,EJ,,,אבן עזרא הצעיר,NULL,       ,       
366,10366,רבי אברהם אלעמאדי,חלב,סוריה,המאה ה-14,0,0,חכם ודיין,נזכר בפנקסי הקהילה בארם צובא,JE,,,               ,NULL,       ,       
380,10380,רבי אברהם בן אליהו הבגדדי,בגדד,בבל,המאה ה-14,0,0,דיין בבגדד,מתועד במסמכים משפטיים,JE,,,               ,NULL,       ,       
391,10391,רבי אברהם בן אליהו מאלמדם,אלמדם,בבל,המאה ה-14,0,0,פוסק באזור גבול פרס־בבל,נזכר במסמכים פרסיים־בבליים,NLI,,,               ,NULL,       ,       
621,10621,רבי אברהם בן גרשום מפרפיניאן,פרפיניאן,פרובאנס,המאה ה-14,1290,1350,מראשי המלומדים בעיר פרפיניאן,מוזכר בין חכמי דור הרלב״ג.,JE,פרפיניאן,פרפיניאן,               ,NULL,       ,       
56,10056,רבי אברהם בן דוד הראשון,נרבונה,פרובנס,המאה ה-11,1020,1080,מגדולי ראשוני פרובנס; ממייסדי ישיבת נרבונה,מוזכר אצל רבי משה הדרשן; אבי משפחת הראב״דים,"סה""ד; ס""י",נרבונה,נרבונה,הראב״ד הראשון  ,NULL,       ,       
376,10376,רבי אברהם בן דוד מביירות,ביירות,סוריה,המאה ה-14,0,0,חכם ידוע,ביירות הייתה חלק מסוריה הממלוכית; תעודות מזכירותו,EJ,,,               ,NULL,       ,       
247,10247,רבי אברהם בן דוד מטורטונה,טורטונה,איטליה,המאה ה-14,0,0,חכם קהילתי,נזכר בתעודות טורטונה,NLI,,,               ,NULL,       ,       
617,10617,רבי אברהם בן דוד מסיג׳למסה,סיג׳למסה,מרוקו,המאה ה-14,1300,1360,חכם ידוע מסיג׳למסה שבדרום מרוקו,פועל בדור הרשב״״א המאוחר והרשב״״ץ.,JE,סיג׳למסה,סיג׳למסה,               ,NULL,       ,       
49,10049,רבי אברהם בן דוד מפושקיירה,פושקיירה,פרובנס,המאה ה-12,1120,1198,מבקרו של הרמב״ם; מחבר השגות על היד החזקה,אביו של רבי יצחק הסופר (בעל השגות),השגות על הרמב״ם; ספר הקבלה,נרבונה,פושקיירה,הראב״ד השלישי  ,NULL,       ,       
318,10318,רבי אברהם בן הרמב״ם,קהיר,מצרים,המאה ה-14,1186,1237,ראש קהילת מצרים,הנהגתו הוסיפה להשפיע על קהילת מצרים עד המאה ה-14,EJ,,,               ,NULL,       ,       
306,10306,רבי אברהם בן זאול מפאס,פאס,מרוקו,המאה ה-14,0,0,חכם מקומי,נזכר במסמכים קהילתיים,EJ,,,               ,NULL,       ,       
324,10324,רבי אברהם בן יוסף המצרי,קהיר,מצרים,המאה ה-14,0,0,סופר ומעתיק,כתבי יד חתומים בשמו נמצאו בגניזה,EJ,,,               ,NULL,       ,       
314,10314,רבי אברהם בן יוסף מג׳רבה,ג׳רבה,תוניס,המאה ה-14,0,0,חכם ופייטן,מופיע ברשימות חכמי ג׳רבה,NLI,,,               ,NULL,       ,       
237,10237,רבי אברהם בן מתתיה ממונפלייה,מונפלייה,פרובאנס,המאה ה-14,0,0,מקובל וחכם,מוזכר במסמכי הקהילה,JE,,,               ,NULL,       ,       
254,10254,רבי אברהם בן עזריה מטרנטו,טרנטו,איטליה,המאה ה-14,0,0,מקובל איטלקי,נרשם במסמכי קהילת טרנטו,JE,,,               ,NULL,       ,       
309,10309,רבי אברהם בן שלמה מבוג׳יה,בוג׳יה,אלג׳יר,המאה ה-14,0,0,חכם מקומי,מוזכר בפנקסי בוג׳יה,EJ,,,               ,NULL,       ,       
354,10354,רבי אברהם בן שמואל מטבריה,טבריה,ארץ ישראל,המאה ה-14,0,0,חכם מקומי,מוזכר במסמכים מימי הממלוכים,EJ,,,               ,NULL,       ,       
330,10330,רבי אברהם בן שמעון מאלכסנדריה,אלכסנדריה,מצרים,המאה ה-14,0,0,דיין,מתועד ברשומות קהילת אלכסנדריה,EJ,,,               ,NULL,       ,       
196,10196,רבי אברהם די בוטון,בורגוס,קסטיליה,המאה ה-14,0,0,ראש משפחת די בוטון,פוסק בקהילות קסטיליה,NLI,,,               ,NULL,       ,       
334,10334,רבי אברהם דמיאטי,דמיאט,מצרים,המאה ה-14,0,0,חכם,מוזכר בשטרות קהילה,NLI,,,               ,NULL,       ,       
360,10360,רבי אברהם הדיין מדמשק,דמשק,סוריה,המאה ה-14,0,0,דיין וחכם מרכזי,נזכר ברישומי קהילה דמשקאיים,JE,,,               ,NULL,       ,       
386,10386,רבי אברהם מבאצרה,באצרה,בבל,המאה ה-14,0,0,חכם מקומי,נזכר בתולדות יהדות באצרה,JE,,,               ,NULL,       ,       
297,10297,רבי אברהם מיואנינה,יואנינה,ביזנטיון,המאה ה-14,0,0,דיין וראש קהל,מוזכר בפנקסי הקהילה הרומניוטית,NLI,,,               ,NULL,       ,       
294,10294,רבי אברהם קנדיאנו,קנדיה,ביזנטיון,המאה ה-14,0,0,פוסק ומקובל,מבני משפחת קנדיאנו הידועה,NLI,,,               ,NULL,       ,       
228,10228,רבי אהרן בן יצחק מטולושה,טולוז,פרובאנס,המאה ה-14,0,0,דיין ופוסק,מוזכר בתקנות טולושה,JE,,,               ,NULL,       ,       
342,10342,רבי אהרן בן שמעון הירושלמי,ירושלים,ארץ ישראל,המאה ה-14,0,0,מקובל וחכם,נזכר בכתבים מקובלים ירושלמיים,NLI,,,               ,NULL,       ,       
602,10602,רבי אהרן הלוי ,ברצלונה,קטלוניה,המאה ה-14,1235,1303,"מגדולי חכמי קטלוניה, מחבר “בדק הבית”",עמיתו של הרשב״א; מגדולי פוסקי ספרד; רבו של הריטב״א.,JE,ברצלונה,ברצלונה,"הרא""ה          ",NULL,       ,       
605,10605,רבי אחאי בן שלמה,נרבונה,פרובאנס,המאה ה-14,1290,1345,מפרש תלמוד וראש ישיבה בנרבונה,נמנה עם חכמי פרובאנס המאוחרים.,JE,נרבונה,נרבונה,               ,NULL,       ,       
265,10265,רבי אלחנן מרגנשבורג,רגנשבורג,אשכנז,המאה ה-14,0,0,חכם אשכנזי,ידוע במסורת גרמניה,EJ,,,               ,NULL,       ,       
278,10278,רבי אליהו קפשאלי הזקן,קושטא,ביזנטיון,המאה ה-14,0,0,ראש קהילה וחכם מרכזי,מאבות שושלת קפשאלי; מתועד ברשומות קושטא,EJ,,,               ,NULL,       ,       
76,10076,רבי אליעזר בן אליעזר מגרמייזא,וורמייזה,אשכנז,המאה ה-15,1420,1488,"פרשן על רש״י; מחבר ""ספר הרא״ם"" על פירוש רש״י לתורה",מבעלי התוספות האחרונים באשכנז; עמד על דיוקי לשון ודרש ברש״י; ספרו נחשב יסודי בפרשנות המקרא האשכנזית המאוחרת,"ספר הרא״ם על התורה; סה""ד; הקדמת מהדורת בובר; ס""י",מגנצא,מגנצא,הרא״ם,NULL,       ,       
82,10082,רבי אליעזר בן יואל הלוי,בון,אשכנז,המאה ה-12,1140,1220,"מחבר ספר ראביה – אסופת הלכות, פסקים ומנהגים",תלמיד רבי יהודה החסיד ורבי יהודה בן קלונימוס; נחשב עמוד פסיקה באשכנז,"ספר ראביה; סה""ד",קלן,בון,"הראבי""ה",NULL,       ,       
258,10258,רבי אליעזר בן יואל הלוי,וורמייזא,אשכנז,המאה ה-14,0,1300,פוסק חשוב ודיין,מחבר ספר רא״ביה; השפעתו נמשכה בתחילת מאה י״ד,EJ,,,"ראבי""ה         ",NULL,       ,       
77,10077,רבי אליעזר בן נתן,מגנצא,אשכנז,המאה ה-12,1090,1170,פוסק ותלמיד רש״י; מחבר ספר ראב״ן – אסופת פסקים ומנהגים,"נחשב מאבות בעלי התוספות; משפיע ישיר על הרמב״ם, הרי״ף והרא״ש","ספר ראב״ן; סה""ד; ס""י",מגנצא,מגנצא,הראב״ן,NULL,       ,       
647,10647,רבי אליעזר בן נתן ממגנצא,מגנצא,גרמניה,בעלי התוספות,1090,1170,מגדולי פוסקי אשכנז,,,מגנצא,מגנצא,               ,,       ,       
16,10016,רבי אליעזר הגדול בן יצחק,מגנצא,גרמניה,המאה ה-11,1020,1084,"מראשי ישיבת מגנצא; מרבותיו של רש""י",תלמידו של רב גרשום מאור הגולה; שילב עומק פלפול אשכנזי עם מסורת בבלית,"ס""י; דברי ימי צרפת",מגנצא,מגנצא,               ,NULL,       ,       
262,10262,רבי אליעזר מווינה,וינה,אשכנז,המאה ה-14,0,0,פוסק אשכנזי,נצר לשושלת בעלי הרוקח,JE,,,               ,NULL,       ,       
47,10047,רבי אלעזר בן יהודה,מגנצא,אשכנז,המאה ה-12,1090,1170,"מחבר ""ספר ראב״ן""; מראשוני הפוסקים באשכנז",נחשב תלמיד־חבר לרש״י ולבניו,"ספר האורה; סה""ד",מגנצא,מגנצא,,NULL,       ,       
48,10048,רבי אלעזר בן יהודה מגרמייזא,וורמייזא,אשכנז,המאה ה-12,1160,1238,מקובל ופוסק; מחבר ספר הרוקח,תלמיד ר״י הזקן ובעל מסורת חסידי אשכנז,פוסק ומקובל; מחבר ספר הרוקח וספר האשכול,וורמייזא,וורמייזא,הרוקח          ,NULL,       ,       
67,10067,רבי אלעזר בן שמואל,מגנצא,אשכנז,המאה ה-12,1090,1170,מחבר ספר ראב״ן; תלמידו של רש״י ובניו,מהחשובים בבעלי התוספות הראשונים; ביסס את שיטת ההוראה האשכנזית,"ספר ראב״ן; סה""ד",מגנצא,מגנצא,,NULL,       ,       
31,10031,רבי אלעזר הקליר,גליל,ארץ ישראל,המאה ה-06,570,640,אבי הפיוט העברי; מחבר פיוטים רבים למחזורים קדומים,שמו נגזר ככל הנראה מקלירוס – שם יישוב בגליל או ביוון; יסד את סגנון הפיוט הקלירי ששלט עד ימי ספרד,"אוצר הפיוט; סה""ד; ספר הקבלה",א״י (טבריה?),א״י,               ,NULL,       ,       
79,10079,רבי אשר בן יחיאל,קלן,אשכנז / ספרד,המאה ה-13,1250,1327,פוסק וראש ישיבה; תלמיד מהר״ם מרוטנבורג; מחבר פסקי הרא״ש,יצא מספרד לאחר מאסר רבו; הביא את מסורת אשכנז לספרד; אביו של הטור,"פסקי הרא״ש; ס""י; סה""ד",קלן,טולדו,הרא״ש,NULL,       ,       
260,10260,רבי אשר בן יחיאל,קולוניה,אשכנז,המאה ה-14,1250,1327,מגדולי אשכנז,עבר מאשכנז לספרד אך נחשב לדמות מפתח במאה הי״ד,EJ,,,הרא״ש          ,/img/rosh.jpg,       ,       
651,10651,רבי בחיי בן אשר ,סראגוסה,ספרד,ראשוני ספרד,1255,1340,מחבר פירוש על התורה וספר כד הקמח,"מפרש מקובל ומעמיק, נחשב תלמיד מובהק של הרשב״א ומציין את תורותיו",פירוש ר׳ בחיי; כד הקמח; סדר הדורות,סראגוסה,ספרד,רבנו בחיי        ,,       ,       
251,10251,רבי בנימין בן אלעזר ממודנה,מודנה,איטליה,המאה ה-14,0,0,חכם איטלקי,ממשפחת החכמים של מודנה,JE,,,               ,NULL,       ,       
226,10226,רבי בנימין בן מתתיה מנרבונה,נרבונה,פרובאנס,המאה ה-14,0,0,מקובל וחכם,מוזכר במסמכי הקהילה,EJ,,,               ,NULL,       ,       
26,10026,רבי ברוך בן יצחק אלבאליה,גרנדה,ספרד,המאה ה-11,1045,1100,בנו של רבי יצחק אלבאליה; מורה ופוסק בדור שאחרי הנגיד,ממשיך דרכו של אביו בישיבת גרנדה; פעל להפצת התורה בדרום ספרד,"ספר הקבלה; סה""ד",גרנדה,גרנדה,               ,NULL,       ,       
83,10083,רבי ברוך בן יצחק ממגנצא,מגנצא,אשכנז,המאה ה-12,1140,1210,מחבר ספר התרומה – ספר יסוד בהלכה ובמנהגי אשכנז,תלמידו של רבי יצחק בן אשר הלוי ורבי אליעזר ממגנצא; היה מרבותיו של מהר״ם מרוטנבורג,"ספר התרומה; סה""ד; ס""י",מגנצא,מגנצא,               ,NULL,       ,       
8,10008,רבי גרשום בן יהודה,מגנצא,גרמניה,המאה ה-10,960,1040,מייסד ישיבת מיינץ; גוזר חרם דרבנו גרשום,"אבי יהדות אשכנז; רבו של רש""י","תשובות רבנו גרשום; ספר הקבלה לרמב""ן",מץ,מיינץ,רבנו גרשום מאור הגולה,NULL,       ,       
216,10216,רבי דוד אלקראס,קורדובה,קסטיליה,המאה ה-14,0,0,חכם ספרדי,לפי מקורות קסטיליה הקדומה,Cordoba Archives,,,               ,NULL,       ,       
610,10610,רבי דוד בונפיל,פרפיניאן,פרובאנס,המאה ה-14,1280,1340,"מלומד, פרשן ומורה",פועל בדורו של הרלב״ג בפרפיניאן.,JE,פרפיניאן,פרפיניאן,               ,NULL,       ,       
57,10057,רבי דוד בן אברהם,נרבונה,פרובנס,המאה ה-11,1050,1100,דיין וראש ישיבת נרבונה; אביו של רבי אברהם בן דוד השלישי (הראב״ד המפורסם),ממשיך שושלת הראב״דים; השפעתו ניכרת בדור הבא,"ס""י; סה""ד",נרבונה,נרבונה,הראב״ד השני    ,NULL,       ,       
319,10319,רבי דוד בן אברהם המצרי,קהיר,מצרים,המאה ה-14,0,0,פייטן וחכם,מתועד בגניזת קהיר המאוחרת,NLI,,,               ,NULL,       ,       
355,10355,רבי דוד בן יהודה מטבריה,טבריה,ארץ ישראל,המאה ה-14,0,0,דיין,נזכר בפנקסי מס טבריה,NLI,,,               ,NULL,       ,       
395,10395,רבי דוד בן מסעוד מרמדי,רמדי,בבל,המאה ה-14,0,0,חכם מקומי,נזכר במסמכי רמדי,JE,,,               ,NULL,       ,       
225,10225,רבי דוד בן ראובן מפרפיניאן,פרפיניאן,פרובאנס,המאה ה-14,0,0,חכם פרובנסלי,מתועד בפנקסי הקהילה,NLI,,,               ,NULL,       ,       
201,10201,רבי דוד בן שם־טוב,סרגוסה,אראגון,המאה ה-14,0,0,דרשן ומקובל,מוזכר בין חכמי אראגון,EJ,,,               ,NULL,       ,       
266,10266,רבי דוד בן שמואל מפראג,פראג,אשכנז,המאה ה-14,0,0,דיין ומורה,מוזכר ברשימות קהילת פראג,JE,,,               ,NULL,       ,       
248,10248,רבי דוד דל מאנאו,רומא,איטליה,המאה ה-14,0,0,מנהיג קהילה,נשיא ועד קהילת רומא,JE,,,               ,NULL,       ,       
293,10293,רבי דוד קנדיאנו,קנדיה,ביזנטיון,המאה ה-14,0,0,חכם מקובל,מוזכר בכתבי יהדות כרתים,EJ,,,               ,NULL,       ,       
652,10652,רבי דן בן יוסף האשכנזי,,,,,,,,,,,,,,
35,10035,רבי דניאל בן יהודה מרומי,רומא,איטליה,המאה ה-11,1020,1080,פיוטיו כלולים במחזורי איטליה; המשיך דרכו של רבי אלעזר הקליר,מגדולי הפייטנים האיטלקים המאוחרים; פעל בדור שלפני רבי נתן בן יחיאל,"אוצר הפיוט; מחזור ויטרי; סה""ד",רומא,רומא,               ,NULL,       ,       
58,10058,רבי הלל בן אחיקים מיון,ליון,צרפת,המאה ה-12,1115,1190,מגדולי תלמידי רבי יצחק בן מרדכי; ידוע כחכם משכיל ומעמיק בתלמוד,חי בתקופת בעלי התוספות ועמד בקשר עם חכמי ספרד ופרובנס,"סה""ד; ס""י",יון,יון,               ,NULL,       ,       
267,10267,רבי זכריה בן שמעון מנירנברג,נירנברג,אשכנז,המאה ה-14,0,0,חכם אשכנזי,מוזכר במסמכי נירנברג,NLI,,,               ,NULL,       ,       
59,10059,רבי זרחיה הלוי מגירונה,גירונה,קטלוניה,המאה ה-12,1125,1186,מחבר ספר המאור; מבקרו של הרי״ף,ממניחי יסוד הדיון הביקורתי ההלכתי; חי בצעירותו בספרד ולאחר מכן בפרובנס,ספר המאור; הקדמת הרמב״ן לספר המאור,גירונה,לוניל,בעל המאור      ,NULL,       ,       
20,10020,רבי חושיאל בן אלחנן,קיירואן,תוניסיה,המאה ה-10,940,1000,מראשוני ארבעת השבויים; ייסד את ישיבת קיירואן,אביו של רב חננאל בן חושיאל; הפיץ את תורת בבל בצפון אפריקה,"ספר הקבלה לראב״ד; סה""ד",בבל,קיירואן,               ,NULL,       ,       
384,10384,רבי חיים בן יחיא הבגדדי,בגדד,בבל,המאה ה-14,0,0,דיין,שמו נזכר בפנקסי בית הדין,EJ,,,               ,NULL,       ,       
85,10085,רבי חיים בן יצחק,וינה,אשכנז,המאה ה-13,1220,1300,בן בעל האור זרוע; פוסק עצמאי ובעל חידושים,ממשיך מסורת אביו והעביר את מורשת האור זרוע לדורות שאחריו; מצוטט ע״י תלמידי הרא״ש,"סה""ד; ס""י; מבוא מהדורת אור זרוע",וינה,וינה,אור זרוע הקצר,NULL,       ,       
322,10322,רבי חיים בן יצחק הכהן,קהיר,מצרים,המאה ה-14,0,0,חכם מקומי,נזכר במסמכי קהיר,NLI,,,               ,NULL,       ,       
364,10364,רבי חיים הכהן מדמשק,דמשק,סוריה,המאה ה-14,0,0,חכם ודרשן,נזכר בכתבי דרש מקומיים,EJ,,,               ,NULL,       ,       
24,10024,רבי חנוך בן משה,קורדובה,ספרד,המאה ה-10,965,1014,בנו ותלמידו של רבי משה בן חנוך; ראש ישיבת קורדובה אחריו,עמד בראש ישיבת קורדובה עד מותו הטרגי בבית הכנסת; נחשב יורשו של אביו במנהיגות תורנית,"ספר הקבלה לראב״ד; סה""ד",קורדובה,קורדובה,               ,NULL,       ,       
252,10252,רבי חנניה בן שאול מטראני,טראני,איטליה,המאה ה-14,0,0,פוסק ורופא,מן הדמויות הקדומות לשושלת מטרני,EJ,,,               ,NULL,       ,       
194,10194,רבי יהודה אבן שושן,טולדו,קסטיליה,המאה ה-14,0,0,פוסק ספרדי,מוזכר בתקנות טולדו,JE,,,               ,NULL,       ,       
317,10317,רבי יהודה אל־פאסי מטריפולי,טריפולי,לוב,המאה ה-14,0,0,מורה הוראה,חכם ידוע בקהילת טריפולי,NLI,,,               ,NULL,       ,       
55,10055,רבי יהודה אלברגלוני,ברצלונה,ספרד,המאה ה-11,1070,1135,מחבר ספר העיתים; מבאר תפילות ומנהגים על פי התלמוד והמסורת הבבלית,חי בדור שבין הרי״ף לראב״ד הראשון; השפיע על סידור התפילה הספרדי,"ספר העיתים; סה""ד",ברצלונה,ברצלונה,העיתים         ,NULL,       ,       
373,10373,רבי יהודה בן אברהם מאמס,אמס,סוריה,המאה ה-14,0,0,חכם מקומי,מוזכר בספרות הגניזה הסורית,EJ,,,               ,NULL,       ,       
81,10081,רבי יהודה בן יצחק מפאריס,פאריס,צרפת,המאה ה-13,1190,1250,תלמיד רבי יחיאל מפאריס; השתתף בוויכוח פריז נגד הנוצרים (1240),נמנה עם בעלי התוספות המאוחרים בצרפת; עוסק בהגנת היהדות ובפולמוסים,"סה""ד; ס""י; תולדות בעלי התוספות",פאריס,פאריס,               ,NULL,       ,       
601,10601,רבי יהודה בן יקר,ברצלונה,קטלוניה,המאה ה-14,1250,1320,מראשי הישיבה בברצלונה,מורהו של הרמב״ן הצעיר ושל בני דורו.,EJ,ברצלונה,ברצלונה,               ,NULL,       ,       
210,10210,רבי יהודה בן משה מטולדו,טולדו,קסטיליה,המאה ה-14,0,0,ראש קהל טולדו,פעיל בדיינות המקומית,EJ,,,               ,NULL,       ,       
223,10223,רבי יהודה בן שלמה מנרבונה,נרבונה,פרובאנס,המאה ה-14,0,0,דיין וחכם,מוזכר ברשומות קהילת נרבון,EJ,,,               ,NULL,       ,       
327,10327,רבי יהודה בן שמואל בן סעדיה,קהיר,מצרים,המאה ה-14,0,0,דיין,מוזכר במסמכים משפטיים,EJ,,,               ,NULL,       ,       
74,10074,רבי יהודה בן שמואל החסיד,רגנסבורג,אשכנז,המאה ה-12,1150,1217,מנהיג חסידי אשכנז; מחבר ספר חסידים,נכדו הרוחני של בית קלונימוס; ייסד את הזרם המיסטי־מוסרי באשכנז,"ספר חסידים; ס""י; סה""ד",שפיירא,רגנסבורג,רבי יהודה החסיד,NULL,       ,       
302,10302,רבי יהודה בן תנא,פאס,מרוקו,המאה ה-14,0,0,פוסק מקומי,מוזכר בשו״ת הריב״ש,NLI,,,               ,NULL,       ,       
347,10347,רבי יהודה החברוני,חברון,ארץ ישראל,המאה ה-14,0,0,דיין,נזכר ברשומות חברון,EJ,,,               ,NULL,       ,       
645,10645,רבי יהודה החסיד,רגנסבורג,גרמניה,חסידי אשכנז,1140,1217,מחבר ספר חסידים,,,רגנסבורג,רגנסבורג,רבי יהודה החסיד,,       ,       
51,10051,רבי יהודה הלוי,קורדובה,ספרד,המאה ה-11,1075,1141,פילוסוף ומשורר; מחבר ספר הכוזרי,עלה לארץ ישראל לעת זקנתו,ספר הכוזרי,קורדובה,ארץ ישראל,הכוזרי         ,NULL,       ,       
242,10242,רבי יהודה מסיינה,סיינה,איטליה,המאה ה-14,0,0,רב קהילה,חכם ממסמכי עיריית סיינה,NLI,,,               ,NULL,       ,       
283,10283,רבי יהודה צמח מסלוניקי,סלוניקי,ביזנטיון,המאה ה-14,0,0,פייטן וחכם,מוזכר בדברי ימי קהילת סלוניקי,JE,,,               ,NULL,       ,       
50,10050,רבי יהונתן מלוניל,לוניל,פרובנס,המאה ה-12,1135,1220,פרשן תלמוד; מצוטט ע״י הרמב״ן והרא״ש,חיבר פירוש על רוב מסכתות התלמוד,פירוש הר״י מלוניל למסכת בבא קמא,לוניל,לוניל,ר״י מלוניל     ,NULL,       ,       
378,10378,רבי יהושע בן אלחסאן הבגדדי,בגדד,בבל,המאה ה-14,0,0,ראש קהילת בגדד,נזכר במסמכים בגדדיים מהמאה ה-14,EJ,,,               ,NULL,       ,       
270,10270,רבי יואל בן יצחק מהלברשטאט,הלברשטאט,אשכנז,המאה ה-14,0,0,דיין ודרשן,מוזכר ברשימות הקהילה,NLI,,,               ,NULL,       ,       
501,10501,רבי יום־טוב בן אברהם אשבילי ,ברצלונה,קטלוניה,המאה ה-14,0,0,מגדולי פרשני התלמוד בספרד; בעל חידושי הריטב״א,נולד באשביליה ופעל בברצלונה; מתלמידי בית מדרשו של הרשב״א ושל הרא״ה.,EJ; JE,אשביליה,ברצלונה,הריטב״א,NULL,       ,       
304,10304,רבי יוסף אבן טבון מפאס,פאס,מרוקו,המאה ה-14,0,0,מעתיק וחכם,משפחת אבן טבון – שושלת מעתיקים ידועה,EJ,,,               ,NULL,       ,       
52,10052,רבי יוסף אבן מיגאש,לוצנה,ספרד,המאה ה-11,1077,1141,תלמיד הרי״ף; רבו של הרמב״ם הצעיר,ירש את מקומו של הרי״ף בישיבה,"סה""ד; תשובות הרי״מ גאש",אליסנה,אליסנה,"ר""י מיגאש      ",NULL,       ,       
329,10329,רבי יוסף בן אברהם אלכסנדרוני,אלכסנדריה,מצרים,המאה ה-14,0,0,חכם ומורה,מוזכר במקורות משפטיים,JE,,,               ,NULL,       ,       
370,10370,רבי יוסף בן אברהם מטריפולי הסורית,טריפולי,סוריה,המאה ה-14,0,0,חכם ופוסק,מופיע ברשומות טריפולי הצפונית,EJ,,,               ,NULL,       ,       
222,10222,רבי יוסף בן אברהם מנרבונה,נרבונה,פרובאנס,המאה ה-14,0,0,פוסק מקומי,נזכר בין דייני העיר,NLI,,,               ,NULL,       ,       
393,10393,רבי יוסף בן חיים מכרמאנשאה,כרמאנשאה,בבל,המאה ה-14,0,0,חכם מקומי,נזכר בתיעוד קהילות כרמאנשאה,EJ,,,               ,NULL,       ,       
359,10359,רבי יוסף בן ישראל הדמשקאי,דמשק,סוריה,המאה ה-14,0,0,דיין,מסמכים קהילתיים מזכירים את תפקידו כדיין,NLI,,,               ,NULL,       ,       
212,10212,רבי יוסף בן לוי הספרדי,סרגוסה,אראגון,המאה ה-14,0,0,מורה הוראה,מוזכר ברשימות אראגון,JE,,,               ,NULL,       ,       
620,10620,רבי יוסף בן מנחם מנרבונה,נרבונה,פרובאנס,המאה ה-14,1290,1350,מלומד מחכמי פרובאנס המאוחרים,נזכר באגרות פרובאנס.,JE,נרבונה,נרבונה,               ,NULL,       ,       
340,10340,רבי יוסף בן נסים הירושלמי,ירושלים,ארץ ישראל,המאה ה-14,0,0,חכם ירושלמי,מתועד בכתבי הקהילה הירושלמית,JE,,,               ,NULL,       ,       
231,10231,רבי יוסף בן עזרא מפרובאנס,מונפלייה,פרובאנס,המאה ה-14,0,0,חכם מקומי,לא קשור למשפחת אבן־עזרא הספרדית,JE,,,               ,NULL,       ,       
287,10287,רבי יוסף בן עזריה מסלוניקי,סלוניקי,ביזנטיון,המאה ה-14,0,0,מנהיג קהילה,מוזכר במסמכי בית הדין של סלוניקי,EJ,,,               ,NULL,       ,       
62,10062,רבי יוסף בן רש״י,טרואה,צרפת,המאה ה-11,1070,1115,בנו של רש״י; תלמידו ומעתיק דבריו; נזכר בתוספות ובספר הישר,כתב הערות וביאורים לפירוש אביו; שימש כרב בטרואה,"סה""ד; ספר היוחסין",טרואה,טרואה,               ,NULL,       ,       
606,10606,רבי יוסף בן שושן,ברצלונה,קטלוניה,המאה ה-14,1270,1330,תלמיד הרשב״א,מופיע בתשובות הרשב״א כתלמידו.,EJ,ברצלונה,ברצלונה,               ,NULL,       ,       
350,10350,רבי יוסף בן שלמה מעכו,עכו,ארץ ישראל,המאה ה-14,0,0,חכם ופוסק,מוזכר במסמכי עולי רגל,JE,,,               ,NULL,       ,       
250,10250,רבי יוסף בן שלמה מפיזה,פיזה,איטליה,המאה ה-14,0,0,ראש קהל פיזה,נזכר במסמכי העיר,NLI,,,               ,NULL,       ,       
281,10281,רבי יוסף בן שלמה מקושטא,קושטא,ביזנטיון,המאה ה-14,0,0,דיין ורב קהילה,נזכר בין ראשי הקהל,EJ,,,               ,NULL,       ,       
202,10202,רבי יוסף בן שם־טוב,סרגוסה,אראגון,המאה ה-14,0,0,פילוסוף ומקובל,אחד מבני משפחת שם־טוב הידועה,JE,,,               ,NULL,       ,       
375,10375,רבי יוסף בן שמואל מצור,צור,סוריה,המאה ה-14,0,0,חכם ופוסק,נזכר בכתבים לבנוניים־סוריים,JE,,,               ,NULL,       ,       
325,10325,רבי יוסף הכהן מפוסטאט,קהיר,מצרים,המאה ה-14,0,0,חכם מקומי,נזכר בפנקסי הגניזה,NLI,,,               ,NULL,       ,       
353,10353,רבי יוסף הכהן מצפת,צפת,ארץ ישראל,המאה ה-14,0,0,חכם ידוע,מוזכר במקורות ימי הממלוכים,JE,,,               ,NULL,       ,       
15,10015,רבי יוסף טוב עלם  הצרפתי,לימוז׳,צרפת,המאה ה-11,1010,1070,"מגדולי חכמי צרפת; מורה דרכו של רש""י הצעיר","מכונה ""טוב עלם"" בשל גודל חכמתו; עסק בפיוט ובפסיקה",ספר התשב״ץ; הקדמות רש״י,לימוז׳,לימוז׳,               ,NULL,       ,       
385,10385,רבי יוסף מבאצרה,באצרה,בבל,המאה ה-14,0,0,פוסק מבאצרה,מוזכר בכתבים עיראקיים,NLI,,,               ,NULL,       ,       
648,10648,רבי יחיאל מפאריס,פאריס,צרפת,בעלי התוספות,1210,1286,ראש ישיבת פאריס; עלה לארץ ישראל,,,פאריס,ארץ ישראל,               ,,       ,       
253,10253,רבי יחיאל מרומא,רומא,איטליה,המאה ה-14,0,0,דיין,מוזכר במסמכי בתי הדין של רומא,NLI,,,               ,NULL,       ,       
195,10195,רבי יעקב אבן שאשת,קסטיליה,קסטיליה,המאה ה-14,0,0,חכם קסטיליאני,מוזכר בין דייני קסטיליה,EJ,,,               ,NULL,       ,       
368,10368,רבי יעקב אלחכם החלאבי,חלב,סוריה,המאה ה-14,0,0,דיין,נזכר במסמכים הלכתיים מחלב,NLI,,,               ,NULL,       ,       
315,10315,רבי יעקב בוכבוט מתוניס,תוניס,תוניס,המאה ה-14,0,0,דיין,מתועד בפנקסי הדיינים בתוניס,EJ,,,               ,NULL,       ,       
301,10301,רבי יעקב בירב (הראשון),פאס,מרוקו,המאה ה-14,0,0,חכם ורב,חי בפאס ובתלמסאן,EJ,,,               ,NULL,       ,       
241,10241,רבי יעקב בן אליעזר מרומא,רומא,איטליה,המאה ה-14,0,0,פוסק מקומי,מתועד במחקר על יהדות רומא,EJ,,,               ,NULL,       ,       
86,10086,רבי יעקב בן אשר,טולדו,ספרד,המאה ה14,1269,1343,"בן הרא""ש",,,,גרמניה,בעל הטורים,/img/BaalHaTurim.jpg,,
235,10235,רבי יעקב בן דוד מארלס,ארלס,פרובאנס,המאה ה-14,0,0,ראש קהל ארלס,מתועד היטב במסמכי הקהילה,EJ,,,               ,NULL,       ,       
264,10264,רבי יעקב בן יהודה מרגנשבורג,רגנשבורג,אשכנז,המאה ה-14,0,0,דיין ופוסק,מוזכר בפנקסי רגנסבורג,NLI,,,               ,NULL,       ,       
229,10229,רבי יעקב בן יואל ממונפלייה,מונפלייה,פרובאנס,המאה ה-14,0,0,פוסק ורופא,מוזכר בפנקסי העיר,EJ,,,               ,NULL,       ,       
17,10017,רבי יעקב בן יקר,מגנצא,גרמניה,המאה ה-11,990,1064,"מורהו הישיר של רש""י","חברו הקרוב של רבי יצחק הלוי; נחשב המפרש הראשון בשיטת לימוד רש""י ספר היוחסין; הקדמת רש״י על מסכת ברכות",,מגנצא,מגנצא,               ,NULL,       ,       
644,10644,רבי יעקב בן מאיר,ריימס,צרפת,בעלי התוספות,1100,1171,מגדולי בעלי התוספות,", ספר הישר לרבנו תם; ספר הקבלה לרבי אברהם בן דוד",,ריימס,ריימס,רבנו תם,,       ,       
220,10220,רבי יעקב בן מחסיר,פרפיניאן,פרובאנס,המאה ה-14,0,0,חכם פרובנסלי,מוזכר בפנקסי פרפיניאן,JE,,,               ,NULL,       ,       
383,10383,רבי יעקב בן מסעוד הבגדדי,בגדד,בבל,המאה ה-14,0,0,מזכיר קהילה ומורה הוראה,מוזכר בפנקסי הקהילה,JE,,,               ,NULL,       ,       
336,10336,רבי יעקב בן נסים מדמיאט,דמיאט,מצרים,המאה ה-14,0,0,מורה הוראה,חכם ידוע בדמיאט,EJ,,,               ,NULL,       ,       
616,10616,רבי יעקב בן סעדון,אלג׳יר,אלג׳יריה,המאה ה-14,1320,1390,מחכמי אלג׳יר; שייך לדור הרשב״ץ והריב״ש,נזכר בספרות ההלכה הצפון־אפריקאית.,EJ,אלג׳יר,אלג׳יר,               ,NULL,       ,       
311,10311,רבי יעקב בן סעדון מתלמסאן,תלמסאן,אלג׳יר,המאה ה-14,0,0,פוסק ומורה הוראה,חכם ידוע בקהילה,NLI,,,               ,NULL,       ,       
211,10211,רבי יעקב בן סעדיה מוולנסיה,ולנסיה,ספרד,המאה ה-14,0,0,חכם מקומי,נזכר בין פוסקי ולנסיה,NLI,,,               ,NULL,       ,       
276,10276,רבי יעקב בן קלונימוס מוורמס,וורמייזא,אשכנז,המאה ה-14,0,0,ממשפחת קלונימוס,חלק משושלת הפוסקים בוורמס,EJ,,,               ,NULL,       ,       
361,10361,רבי יעקב בן שלמה מדמשק,דמשק,סוריה,המאה ה-14,0,0,מעתיק כתבי יד,חתימותיו ניכרות בכ״י דמשקאיים,EJ,,,               ,NULL,       ,       
320,10320,רבי יעקב בן שמואל הכהן,קהיר,מצרים,המאה ה-14,0,0,חכם ודיין,מוזכר בתעודות משפטיות של קהיר,JE,,,               ,NULL,       ,       
389,10389,רבי יעקב בן שמואל ממוסול,מוסול,בבל,המאה ה-14,0,0,דיין,נזכר במסמכים מן התקופה,JE,,,               ,NULL,       ,       
356,10356,רבי יעקב הכהן מטבריה,טבריה,ארץ ישראל,המאה ה-14,0,0,חכם מקומי,מוזכר במסמכי הקהל,JE,,,               ,NULL,       ,       
285,10285,רבי יעקב מסלוניקי,סלוניקי,ביזנטיון,המאה ה-14,0,0,דיין ומעתיק כתבי־יד,מסמכי סלוניקי מציינים את פעולתו,NLI,,,               ,NULL,       ,       
349,10349,רבי יעקב מעכו,עכו,ארץ ישראל,המאה ה-14,0,0,תלמיד מסורת הרמב״ן,נזכר במקורות גליליים,NLI,,,               ,NULL,       ,       
292,10292,רבי יעקב מרודוס,רודוס,ביזנטיון,המאה ה-14,0,0,פוסק באי רודוס,מנהיג רוחני מתועד,JE,,,               ,NULL,       ,       
217,10217,רבי יעקב סואסו,טולדו,קסטיליה,המאה ה-14,0,0,חכם ספרדי,אבי שושלת סואסו,NLI,,,               ,NULL,       ,       
199,10199,רבי יעקב קאנפנטון הזקן,זמורָה,קסטיליה,המאה ה-14,0,0,מראשי קהילת קסטיליה,סבו של רבי יצחק קנפנטון,JE,,,               ,NULL,       ,       
5,10005,רבי יצחק אבן גיאת,לוצנה,ספרד,המאה ה-11,1030,1089,ראש ישיבת לוצ׳נה ופוסק חשוב; מחבר פיוטים רבים,"מורהו של הרמב""ם הצעיר; בעל ""שערי שמחה""",ספר השטרות; פיוטי יצחק אבן גיאת,לוצ׳נה,לוצ׳נה,רבי שמואל הנגיד,NULL,       ,       
331,10331,רבי יצחק אלכסנדרוני,אלכסנדריה,מצרים,המאה ה-14,0,0,דיין ומורה הוראה,נזכר במסמכי הקהילה,NLI,,,               ,NULL,       ,       
29,10029,רבי יצחק אלפסי,לוצנה,ספרד,המאה ה-11,1013,1103,"מחבר ""הלכות הרי״ף""; מראשי ההלכה הספרדית ומבשר הרמב""ם","למד תורה במגרב, היגר לספרד לאחר רדיפות וייסד בה ישיבה גדולה; נחשב עמוד הפסק של ההלכה הספרדית","ספר הקבלה; הקדמת הרי״ף; סה""ד; מבואי הרמב״ם",פאס,אליסאנה,"הרי""ף",NULL,       ,       
60,10060,רבי יצחק בן אבא מארי,מרסיי,פרובנס,המאה ה-12,1120,1190,מחבר ספר העיטור; מקיף הלכות מעשיות ומנהגים,"חי בפרובנס, מושפע מן הספרדים אך שומר על סגנון עצמאי; בן דורו של הראב״ד והמאור","סה""ד; ספר העיטור; מבוא רבי יצחק למורה נבוכים",מרסיי,מרסיי,בעל העיטור     ,NULL,       ,       
80,10080,רבי יצחק בן אברהם,צרפת,צרפת,המאה ה-13,1200,1270,בעל תוספות הריצב״א; אחד מבעלי התוספות הגדולים,"תלמיד הרשב״א לפי מסורות, ותלמיד תלמידי רש״י; נודע בחידושי ההלכה המדויקים שלו","תוספות הריצב״א; סה""ד",צרפת,צרפת,הריצב״א,NULL,       ,       
363,10363,רבי יצחק בן אברהם הדמשקאי,דמשק,סוריה,המאה ה-14,0,0,פוסק ומגיד שיעור,מופיע במסמכי הלכה מקומיים,JE,,,               ,NULL,       ,       
14,10014,רבי יצחק בן אליהו משפיירא,שפיירא,גרמניה,המאה ה-11,990,1065,"ראש ישיבת שפיירא, פוסק ומנהיג קהילה",חברו ועמיתו של רב יעקב בן יקר,ספר הקבלה; תולדות רבני אשכנז,שפיירא,שפיירא,               ,NULL,       ,       
274,10274,רבי יצחק בן אליעזר מרגנשבורג,רגנשבורג,אשכנז,המאה ה-14,0,0,דיין,מוזכר במסמכי רגנסבורג,EJ,,,               ,NULL,       ,       
246,10246,רבי יצחק בן אמנון מפירנצה,פירנצה,איטליה,המאה ה-14,0,0,מורה ורב קהילה,מתועד בהיסטוריה יהודית של פירנצה,EJ,,,               ,NULL,       ,       
646,10646,רבי יצחק בן אשר הלוי,מגנצא,גרמניה,בעלי התוספות,1105,1175,,,,מגנצא,מגנצא,               ,,       ,       
25,10025,רבי יצחק בן ברוך אבן אלבאליה,גרנדה,ספרד,המאה ה-11,1013,1089,מגדולי פוסקי ספרד ומראשי ישיבת גרנדה,עסק בהנהגה מדינית וציבורית לצד רב שמואל הנגיד; אביו של רבי ברוך אלבאליה,ספר הקבלה לראב״ד; דברי הימים לרשד״ל,טולדו,גרנדה,               ,NULL,       ,       
18,10018,רבי יצחק בן יהודה,מגנצא,גרמניה,המאה ה-11,995,1060,"מגדולי חכמי אשכנז בדור שלפני רש""י",נודע בענוותו ובקפדנותו בלימוד,"אוה""ג; ספר הדורות",מגנצא,מגנצא,               ,NULL,       ,       
27,10027,רבי יצחק בן יעקב אל ברגלוני,ברצלונה,ספרד,המאה ה-11,1020,1080,מגדולי חכמי קטלוניה הראשונים; פירושיו השפיעו על ראשוני ספרד,נחשב מגדולי מפרשי המקרא בדורו; שמו נודע בין חכמי פרובנס וקטלוניה,"סה""ד; אנציקלופדיה יהודית",ברצלונה,ברצלונה,               ,NULL,       ,       
44,10044,רבי יצחק בן מאיר,ריימס,צרפת,המאה ה-12,1090,1170,אחיו של הרשב״ם; מאבות בעלי התוספות,רבו של רבנו תם ורבי יצחק הזקן,"סה""ד; תוספות פסחים דף ג׳",ריימס,ריימס,"הריב""ם         ",NULL,       ,       
84,10084,רבי יצחק בן משה,וינה,אשכנז,המאה ה-13,1180,1250,"פוסק, תלמיד מהר״ם מרוטנבורג; מחבר ספר אור זרוע",אחד מאבות ההלכה באשכנז המאוחרת; השפיע על הרא״ש והטור,"ספר אור זרוע; סה""ד; ס""י",בוהמיה,וינה,האור זרוע,/imgOrZarua.jpg,       ,       
28,10028,רבי יצחק בן משה מבגדד,בגדד,עיראק,המאה ה-11,1000,1070,חכם בבלי שביקש לשמר את תורת הגאונים במזרח,מוזכר כמורה לרבי יצחק אלפסי; אחד האחרונים בשרשרת הישיבות הבבליות,"ספר הקבלה לראב״ד; סה""ד",בגדד,בגדד,               ,NULL,       ,       
268,10268,רבי יצחק בן משה מווינה,וינה,אשכנז,המאה ה-14,0,0,"מחבר ""אור זרוע""",השפיע על כל פסיקת אשכנז במאה הי״ד,EJ,,,אור זרוע       ,NULL,       ,       
257,10257,רבי יצחק בן מתתיה מפורלי,פורלי,איטליה,המאה ה-14,0,0,רופא וחכם קהילה,מופיע ברשומות הרפואיות היהודיות,JE,,,               ,NULL,       ,       
221,10221,רבי יצחק בן ראובן מנרבונה,נרבונה,פרובאנס,המאה ה-14,0,0,דיין וחכם,מוזכר במסמכי נרבונה,EJ,,,               ,NULL,       ,       
63,10063,רבי יצחק בן רש״י,טרואה,צרפת,המאה ה-11,1075,1135,בנו הצעיר של רש״י; ממעתיקי תורת אביו,אביהם של הרשב״ם ורבנו תם; המשיך את בית המדרש של רש״י,"סה""ד; ספר היוחסין",טרואה,טרואה,               ,NULL,       ,       
206,10206,רבי יצחק בן שם־טוב,סרגוסה,אראגון,המאה ה-14,0,0,מחכמי אראגון,member of the Ben Shm-Tov family,JE,,,               ,NULL,       ,       
46,10046,רבי יצחק בן שמואל,דמפייר,צרפת,המאה ה-12,1115,1184,מגדולי בעלי התוספות; רבו של ר״א מגרמייזא,תלמיד רבנו תם והריב״ם,תוספות סנהדרין דף י״א; ספר היראים,דמפייר,דמפייר,ר״י הזקן       ,NULL,       ,       
341,10341,רבי יצחק בן שמואל הירושלמי,ירושלים,ארץ ישראל,המאה ה-14,0,0,מגיד שיעור ומורה הוראה,מוזכר במסמכים הקהילתיים,EJ,,,               ,NULL,       ,       
372,10372,רבי יצחק בן שמואל מחמה,חמה,סוריה,המאה ה-14,0,0,דיין,תיעוד מן התקופה מציין את שמו,JE,,,               ,NULL,       ,       
300,10300,רבי יצחק בן ששת,אלג׳יר,אלג׳יר,המאה ה-14,1326,1408,מגדולי הפוסקים בצפון אפריקה,פסקיו נחשבים יסודיים עד היום,JE,,,הריב״ש         ,NULL,       ,       
511,10511,רבי יצחק בן ששת דוראן,אלג׳יר,אלג׳יר,המאה ה-14,1326,1408,פוסק גדול ומנהיג יהדות אלג׳יר; מחבר תשובות הריב״ש,נולד בברצלונה וברח בעקבות גזירות קנ״א. התיישב באלג׳יר והפך לאחד מגדולי הפוסקים. השפיע רבות על הרשב״ץ ובני דוראן.,EJ; JE; תשובות הריב״ש,ברצלונה,אלג׳יר,הריב״ש         ,NULL,       ,       
335,10335,רבי יצחק דמיאטי,דמיאט,מצרים,המאה ה-14,0,0,דיין,מופיע במסמכי קהילת דמיאט,JE,,,               ,NULL,       ,       
321,10321,רבי יצחק הכהן המצרי,קהיר,מצרים,המאה ה-14,0,0,דיין,מתועד במסמכי הגניזה,EJ,,,               ,NULL,       ,       
234,10234,רבי יצחק הכהן מארלס,ארלס,פרובאנס,המאה ה-14,0,0,דיין וחכם,מוזכר בפנקסי ארלס,JE,,,               ,NULL,       ,       
19,10019,רבי יצחק הלוי ממגנמא,מגנצא,גרמניה,המאה ה-11,1000,1070,"מראשי ישיבת מגנצא; מורהו של רש""י",נמנה על גדולי דורו עם רב יעקב בן יקר ורב יוסף טוב עלם,תולדות רבני צרפת ואשכנז; ספר הקבלה לרמב״ן,מגנצא,מגנצא,               ,NULL,       ,       
387,10387,רבי יצחק מבאצרה,באצרה,בבל,המאה ה-14,0,0,דיין,מסמכי הקהל מאזכרים אותו,EJ,,,               ,NULL,       ,       
308,10308,רבי יצחק מנאימירא,קונסטנטין,אלג׳יר,המאה ה-14,0,0,דיין חשוב,מופיע בתעודות קונסטנטין,NLI,,,               ,NULL,       ,       
515,10515,רבי יצחק סגי נהור,ווה,צרפת,המאה ה-13,1160,1235,מקובל ,"בנו של הראב""ד",,,,"ריס""ן",/img/YitzhakSagiNahor.jpg,https://he.wikipedia.org/wiki/%D7%99%D7%A6%D7%97%D7%A7_%D7%A1%D7%92%D7%99_%D7%A0%D7%94%D7%95%D7%A8,
193,10193,רבי יצחק עראמה הזקן,טולדו,קסטיליה,המאה ה-14,0,0,חכם ספרדי,סבו של בעל העקידה; פעל בקסטיליה,EJ,,,               ,NULL,       ,       
307,10307,רבי יצחק צבעתי ממראקש,מראקש,מרוקו,המאה ה-14,0,0,פוסק מרוקאי,מקורות מקומיים מציינים את פעילותו,JE,,,               ,NULL,       ,       
280,10280,רבי יצחק קושטא בן אליהו,קושטא,ביזנטיון,המאה ה-14,0,0,דיין,מתועד בתעודות בית הדין בקושטא,JE,,,               ,NULL,       ,       
65,10065,רבי יקותיאל בן משה,צרפת,צרפת,המאה ה-11,1060,1120,תלמיד רש״י; נזכר במקורות כעוסק בהעתקת חידושיו,שימר את מסורת בית מדרשו של רש״י בדרום צרפת,"סה""ד; ס""י",צרפת,צרפת,"מלתמידי רש""י   ",NULL,       ,       
338,10338,רבי ישעיה הלוי הורוויץ הירושלמי,ירושלים,ארץ ישראל,המאה ה-14,0,0,ראש ישיבת ירושלים,מוזכר ברשומות תולדות ירושלים בימי הממלוכים,EJ,,,               ,NULL,       ,       
614,10614,רבי ישראל אשכנזי,גרמניה,אשכנז,המאה ה-14,1260,1320,מראשי חכמי אשכנז בדורו,נזכר כמורה בדור שלפני מהר״ם מרוטנבורג.,JE,גרמניה,גרמניה,               ,NULL,       ,       
239,10239,רבי יששכר בן מרדכי אנקוונה,אנקונה,איטליה,המאה ה-14,0,0,חכם ופוסק,מאושש במסמכי קהילת אנקונה,NLI,,,               ,NULL,       ,       
604,10604,רבי לוי בן גרשום ,פרפיניאן,פרובאנס,המאה ה-14,1288,1344,"פילוסוף, מתמטיקאי ומפרש",מחבר “מלחמות ה׳”; חכם רב־השפעה.,EJ,פרפיניאן,פרפיניאן,"הרלב""ג         ",NULL,       ,       
78,10078,רבי מאיר בן ברוך מרוטנבורג,רוטנבורג,אשכנז,המאה ה-13,1215,1293,"פוסק ומנהיג הדור; מחבר תשובות, פיוטים ותקנות קהילה",מנהיג יהדות אשכנז; תלמיד הרוקח ורבי יהודה החסיד; מורה לרבנו אשר (הרא״ש),"שו״ת מהר״ם מרוטנבורג; סה""ד; ס""י",ורמייזא,בכלא באנסיסהיים,מהר״ם מרוטנבורג,NULL,       ,       
256,10256,רבי מאיר בן יעקב מבולוניה,בולוניה,איטליה,המאה ה-14,0,0,דיין ודרשן,נזכר בתעודות העיר,EJ,,,               ,NULL,       ,       
636,10636,רבי מאיר בן רבי שלמה,קטלוניה,ספרד,המאה הי״ג–י״ד,0,0,"מתלמידי חכמי קטלוניה, בדורו של רבנו יונה",נזכר במקורות תלמידי בית מדרשו של רבנו יונה.,EJ,קטלוניה,קטלוניה,               ,NULL,       ,       
613,10613,רבי מאיר הכהן,אוסטריה,אשכנז,המאה ה-14,1270,1330,פוסק ותלמיד חכמי אשכנז,מוזכר כמורה לרבנים בדורו.,JE,אוסטריה,אוסטריה,מהר״ם כ״ץ      ,NULL,       ,       
259,10259,רבי מאיר מרוטנבורג,רוטנבורג,אשכנז,המאה ה-14,1215,1293,גדול פוסקי אשכנז,השפיע על כל יהדות אשכנז במאה הי״ד דרך תלמידיו,JE,,,מהר״ם מרוטנבורג,NULL,       ,       
282,10282,רבי מאיר קושטא,קושטא,ביזנטיון,המאה ה-14,0,0,דיין וראש ישיבה,חכם חשוב בקהילת קושטא,NLI,,,               ,NULL,       ,       
41,10041,רבי מימון בן יוסף נדיין,קורדובה,ספרד,המאה ה-12,1110,1170,דיין ומשורר; אביו ומורו של הרמב״ם,נמלט עם משפחתו מקורדובה לפאס עקב רדיפות האלמוואחידון; ייסד את בית המדרש שבו למד הרמב״ם את יסודות ההלכה הספרדית,"סה""ד; הקדמת הרמב״ם לפירוש המשנה; ס""י",קורדובה,פאס,"אבי הרמב""ם",NULL,       ,       
367,10367,רבי מנחם בן יוסף מארם צובא,חלב,סוריה,המאה ה-14,0,0,חכם מרכזי,מתועד בתולדות יהודי חלב,EJ,,,               ,NULL,       ,       
198,10198,רבי מנחם בן שלמה בן סרוק השני,פמפלוּנה,נווארה,המאה ה-14,0,0,חכם נווארי,נצר למשפחת בן סרוק,EJ,,,               ,NULL,       ,       
11,10011,רבי מנחם בן שלמה ממאירי,נרבונה,פרובנס,המאה ה-13,1249,1316,"מחבר ""מגן אבות"" על מסכת אבות",מהבולטים בחכמי פרובנס המאוחרים; ממשיך רוח הראשונים,מגן אבות; הקדמת הרמ״מ,נרבונה,נרבונה,המאירי         ,NULL,       ,       
240,10240,רבי מנחם בן שלמה מרומא,רומא,איטליה,המאה ה-14,0,0,דיין ורב קהילה,נזכר בפנקסי רומא,JE,,,               ,NULL,       ,       
273,10273,רבי מנחם בן שמואל מווינה,וינה,אשכנז,המאה ה-14,0,0,מעתיק ודרשן,מסמכים מווינה מתייחסים אליו,NLI,,,               ,NULL,       ,       
218,10218,רבי מנחם המאירי,פרפיניאן,פרובאנס,המאה ה-14,1249,1316,"פוסק, תלמודן ומפרש",מחכמי פרובאנס הבולטים; מחבר בית הבחירה,EJ,,,המאירי         ,NULL,       ,       
310,10310,רבי מסעוד בן זכרי,אלג׳יר,אלג׳יר,המאה ה-14,0,0,דיין,נזכר בספרות המשפטית של התקופה,JE,,,               ,NULL,       ,       
397,10397,רבי מרדכי בן אברהם מאנדיח׳נה,אנדיח׳נה,בבל,המאה ה-14,0,0,חכם ידוע באזור פרס־בבל,תעודות התקופה מזכירות אותו,NLI,,,               ,NULL,       ,       
612,10612,רבי מרדכי בן הלל (המרדכי),וורמייזא,אשכנז,המאה ה-14,1250,1298,"פוסק אשכנזי גדול; מחבר ""המרדכי""",נהרג על קידוש ה׳ בגזירות רינדפלייש.,EJ,וורמייזא,וורמייזא,               ,NULL,       ,       
303,10303,רבי משה אסכנדרני מפאס,פאס,מרוקו,המאה ה-14,0,0,דיין ומורה,מוזכר בתשובות הריב״ש,JE,,,               ,NULL,       ,       
288,10288,רבי משה בן אליהו מאדירנה,אדירנה,ביזנטיון,המאה ה-14,0,0,רב ודיין,מתועד ברשומות הקהילה האדריאנופולית,NLI,,,               ,NULL,       ,       
351,10351,רבי משה בן דוד מצפת,צפת,ארץ ישראל,המאה ה-14,0,0,מקובל מוקדם,מן הדמויות הצפתיות הקדומות,EJ,,,               ,NULL,       ,       
333,10333,רבי משה בן זכריה מדמיאט,דמיאט,מצרים,המאה ה-14,0,0,פוסק מקומי,מתועד בתעודות מקומיות,EJ,,,               ,NULL,       ,       
22,10022,רבי משה בן חנוך,קורדובה,ספרד,המאה ה-10,940,996,אבי תור הזהב הספרדי; מייסד ישיבת קורדובה,נשבה לספרד והפך לרב הראשי שם; אביו של רב חנוך בן משה,"ספר הקבלה; דברי הימים לרשד""ל",בבל,קורדובה,               ,NULL,       ,       
244,10244,רבי משה בן יוחנן היטליאני,פירנצה,איטליה,המאה ה-14,0,0,רופא ופוסק,נזכר בכתבים רפואיים יהודיים,JE,,,               ,NULL,       ,       
209,10209,רבי משה בן יחיאל מבורגוס,בורגוס,קסטיליה,המאה ה-14,0,0,פוסק קסטיליאני,מוזכר בפנקסי בורגוס,JE,,,               ,NULL,       ,       
275,10275,רבי משה בן יעקב מנירנברג,נירנברג,אשכנז,המאה ה-14,0,0,פוסק אשכנזי,ידוע מפנקסי הקהילה,JE,,,               ,NULL,       ,       
296,10296,רבי משה בן יצחק מיואנינה,יואנינה,ביזנטיון,המאה ה-14,0,0,ראש קהילה רומניוטית,מתועד בארכיוני יואנינה,EJ,,,               ,NULL,       ,       
53,10053,רבי משה בן מימון,קורדובה,מצרים,המאה ה-12,1135,1204,"מחבר משנה תורה ומורה נבוכים; גדול הפוסקים והפילוסופים, איגרות הרמב״ם; הקדמת היד החזקה",בן לרבי מימון הדיין; הושפע מתלמידי הרי״ף ,,קורדובה,פוסטאט,הרמב״ם         ,NULL,       ,       
54,10054,רבי משה בן נחמן,חרונה,ספרד,המאה ה-13,1194,1270,"פוסק, מקובל ופרשן התורה; מגן המסורת נגד הרמב״ם","עלה לארץ ישראל; חיבר פירוש לתורה, פירוש הרמב״ן; ויכוח ברצלונה",,חרונה,עכו,הרמב״ן         ,NULL,       ,       
326,10326,רבי משה בן נסים המצרי,קהיר,מצרים,המאה ה-14,0,0,מורה הוראה,מתועד בארכיוני הגניזה,JE,,,               ,NULL,       ,       
362,10362,רבי משה בן נתן מדמשק,דמשק,סוריה,המאה ה-14,0,0,ראש ישיבה,מתועד ברשומות החכמים של דמשק,NLI,,,               ,NULL,       ,       
70,10070,רבי משה בן קלונימוס ממגנצא,מגנצא,אשכנז,המאה ה-10,900,960,"מייסד ישיבת מגנצא באשכנז; חכם, משורר ומנהיג קהילה",ממקימי הקהילה האשכנזית הקדומה; ייסד את מסורת התפילה האשכנזית," סה""ד; מחזור ויטרי",מגנצא,מגנצא,               ,NULL,       ,       
32,10032,רבי משה בן קלונימוס מרומי,רומא,איטליה,המאה ה-09,880,950,מגדולי חכמי איטליה ומייסד משפחת קלונימוס,שימש גשר בין ישיבות איטליה ובבל; בניו היגרו לגרמניה והקימו בה את קהילות שו״ם,"ספר הקבלה לרמב״ן; סה""ד",רומא,רומא,               ,NULL,       ,       
68,10068,רבי משה בן קלונימוס מרומי,רומא,איטליה,המאה ה-09,820,880,אביה של שושלת קלונימוס; מעביר המסורת הבבלית לרומא ולגרמניה,נשלח לגרמניה לפי המסורת בבקשת הקיסר קרל הגדול; ייסד את ישיבת מגנצא,"סה""ד; ס""י; גרץ, דברי ימי ישראל",רומא,רומא,               ,NULL,       ,       
233,10233,רבי משה בן שלמה מטרווה,טרווה,פרובאנס,המאה ה-14,0,0,חכם ופוסק,נזכר בתעודות טרווה,NLI,,,               ,NULL,       ,       
205,10205,רבי משה בן שלמה מפלמה,פלמה,מיורקה,המאה ה-14,0,0,מורה הוראה במיורקה,נזכר בפנקסי האי,NLI,,,               ,NULL,       ,       
516,10516,רבי מנחם רקנאטי,רומא,איטליה,המאה ה-13,1250,1310,מראשוני המקובלים באיטליה,,,,,,,,
10,10010,רבי משה הדרשן,נרבונה,פרובנס,המאה ה-11,1020,1080,דרשן ובעל אסכולת מדרשים עתיקים,"ההשפעה על רש""י ועל תלמידיו",ספרי הדרש של רבי משה הדרשן,נרבונה,נרבונה,               ,NULL,       ,       
346,10346,רבי משה החברוני,חברון,ארץ ישראל,המאה ה-14,0,0,חכם מקומי,מופיע בתיעוד מן המאה ה-14,JE,,,               ,NULL,       ,       
339,10339,רבי משה הלוי הירושלמי,ירושלים,ארץ ישראל,המאה ה-14,0,0,דיין וראש קהילה,נזכר בפנקסי מס ירושלים,NLI,,,               ,NULL,       ,       
371,10371,רבי משה טריפוליטי,טריפולי,סוריה,המאה ה-14,0,0,חכם ודיין,נזכר במסמכים משפטיים מקומיים,NLI,,,               ,NULL,       ,       
510,10510,רבי ניסים בן ראובן גירונדי,ברצלונה,קטלוניה,המאה ה-14,1310,1375,מגדולי פוסקי ספרד ופרשני התלמוד; מחבר דרשות הר״ן ותשובות הר״ן,"נולד בגירונה ופעל רוב שנותיו בברצלונה. היה מגדולי תלמידי הרשב״א וממנהיגי הקהילות בקטלוניה. ראש ישיבה, דיין ומורה הוראה משפיע.",EJ; JE; דרשות הר״ן; תשובות הר״ן,גירונה,ברצלונה,הר״ן           ,NULL,       ,       
224,10224,רבי ניסים בן שלמה מנרבונה,נרבונה,פרובאנס,המאה ה-14,0,0,מגדולי נרבון,אחד מחשובי בית הדין המקומי,JE,,,               ,NULL,       ,       
23,10023,רבי נתן בן חנוך,פאס,מרוקו,המאה ה-10,940,990,מן השבויים שעלו לפאס והקימו מרכז תורה שם,ייתכן שהיה מקרוביו של רבי משה בן חנוך; הניח יסוד ללימוד התורה במערב,"סה""ד; ספר הקבלה לראב״ד",בבל,פאס,               ,NULL,       ,       
245,10245,רבי נתן בן יואל מרג׳ו אמיליה,רג׳ו,איטליה,המאה ה-14,0,0,חכם מקומי,מתועד בארכיוני רג׳ו אמיליה,NLI,,,               ,NULL,       ,       
30,10030,רבי נתן בן יחיאל מרומי,רומא,איטליה,המאה ה-11,1035,1110,מחבר ספר הערוך – מילון תלמודי-מדרשי ראשון מסוגו,"עמד בראש ישיבת רומא; ריכז את מסורת בבל, ארץ ישראל ואיטליה במפעל לקסיקוגרפי מקיף; ספרו שימש בסיס לכל פרשני התלמוד לאחריו","ספר הערוך; סה""ד; הקדמות הראשונים",רומא,רומא,הערוך,NULL,       ,       
313,10313,רבי נתן העברי מתוניס,תוניס,תוניס,המאה ה-14,0,0,דיין ודרשן,נזכר בפנקסי הקהילה,JE,,,               ,NULL,       ,       
289,10289,רבי נתן מאדריאנופול,אדירנה,ביזנטיון,המאה ה-14,0,0,פוסק וחכם,מופיע במסמכים המשפטיים של אדירנה,JE,,,               ,NULL,       ,       
388,10388,רבי נתן ממוסול,מוסול,בבל,המאה ה-14,0,0,חכם מרכזי בצפון בבל,מוזכר במקורות מוסוליים,NLI,,,               ,NULL,       ,       
263,10263,רבי נתן שפירא הזקן,שפיירא,אשכנז,המאה ה-14,0,0,חכם אשכנזי,מוזכר בפנקסי קהילות שפייר,EJ,,,               ,NULL,       ,       
379,10379,רבי סעדיה בן ישראל הבגדדי,בגדד,בבל,המאה ה-14,0,0,פוסק ממשיכי מסורת הגאונים,מוזכר בתשובות התקופה,NLI,,,               ,NULL,       ,       
328,10328,רבי עובדיה בן אברהם אלכסנדרוני,אלכסנדריה,מצרים,המאה ה-14,0,0,פוסק ידוע,ממנהיגי יהדות אלכסנדריה,NLI,,,               ,NULL,       ,       
238,10238,רבי עזרא בן שלמה גירונדי,רומא,איטליה,המאה ה-13,0,1227,דיין ופוסק,מתועד ברשומות חכמי רומא,EJ,,,               ,NULL,       ,       
394,10394,רבי עזרא בן שלמה מכירכוכ,כירכוכ,בבל,המאה ה-14,0,0,מורה הוראה,שמו מופיע בפנקסי קהילת כירכוכ,NLI,,,               ,NULL,       ,       
398,10398,רבי עזריאל בן שלמה מגרונה,רומי,איטליה,המאה ה-13,0,0,אחיו של רבי עזרא גירונדי,,,,,,,,
343,10343,רבי עזריה בן יצחק הירושלמי,ירושלים,ארץ ישראל,המאה ה-14,0,0,מעתיק כתבי יד,חתימותיו מופיעות בכתבי יד ירושלמיים,JE,,,               ,NULL,       ,       
230,10230,רבי עזריה מן האורבון,אורבון,פרובאנס,המאה ה-14,0,0,חכם ומקובל,נזכר בפנקסי הקהילות,NLI,,,               ,NULL,       ,       
286,10286,רבי עזריה מסלוניקי,סלוניקי,ביזנטיון,המאה ה-14,0,0,מקובל וחכם,נזכר במקורות מקומיים,JE,,,               ,NULL,       ,       
272,10272,רבי פטרון מקולוניה,קולוניה,אשכנז,המאה ה-14,0,0,חכם אשכנזי,מוזכר בכתבי הדין המקומיים,JE,,,               ,NULL,       ,       
600,10600,רבי פרחיה בן נסים,ברצלונה,קטלוניה,המאה ה-14,1280,1340,מפרש התלמוד ומחכמי ספרד המאוחרים,"נודע כחכם מן המעגל של הרשב״א והריטב״א, פעל בסוף המאה הי״ג–תחילת הי״ד.",EJ,ברצלונה,ברצלונה,               ,NULL,       ,       
345,10345,רבי קלונימוס בן דוד החברוני,חברון,ארץ ישראל,המאה ה-14,0,0,ראש קהילת חברון,נזכר במסמכי חברון הקדומה,NLI,,,               ,NULL,       ,       
12,10012,רבי קלונימוס בן משה הזקן,מגנצא,גרמניה,המאה ה-10,930,1010,מייסד משפחת קלונימוס באשכנז; הביא תורה מאיטליה לגרמניה,מניח היסוד למסורת האשכנזית; משפחתו תעמוד בראש יהדות אשכנז מאות שנים,"ספר הקבלה לרמב״ן; סה""ד","לוקא, איטליה",מגנצא,               ,NULL,       ,       
71,10071,רבי קלונימוס בן משה הצעיר,מגנצא,אשכנז,המאה ה-10,950,1020,חכם ופייטן; חיבר פיוטים ותקנות קהילה,אביו של רבי שלמה הכהן מקלוניא; ממשיך דרך בית קלונימוס,"מחזור רומי; סה""ד",מגנצא,מגנצא,               ,NULL,       ,       
33,10033,רבי קלונימוס בן משה מרומי,רומא,איטליה,המאה ה-10,910,990,מגדולי ממשיכי מסורת רומי; הביא תורה מאיטליה לגרמניה,עלה ממורמיה למגנצא בגרמניה והקים בה את ישיבת מגנצא – ראש משפחת קלונימוס האשכנזית,"ספר הקבלה; סה""ד; דברי הימים לגרץ",רומא,מגנצא,               ,NULL,       ,       
69,10069,רבי קלונימוס בן משה מרומי,רומא,איטליה,המאה ה-09,850,910,בנו של רבי משה בן קלונימוס; מן הראשונים שהגיעו לגרמניה,מהמורים והמקובלים הראשונים באירופה הצפונית; הניח יסוד לבית מדרש מגנצא,"סה""ד; מבוא ל״תשובות מהר״ם מרוטנבורג״",רומא,רומא,               ,NULL,       ,       
603,10603,רבי קלונימוס בן קלונימוס,ארל,פרובאנס,המאה ה-14,1286,1328,"מתרגם, פילוסוף וחכם פרובאנסי",עסק בתרגום פילוסופיה יהודית לערבית ולטינית.,JE,ארל,פרובאנס,               ,NULL,       ,       
208,10208,רבי רפאל בן מאיר הספרדי,קורדובה,קסטיליה,המאה ה-14,0,0,חכם קהילתי,נזכר ברשומות קורדובה,C?rdoba Archives,,,               ,NULL,       ,       
7,10007,רבי שלמה אבן גבירול,סרגוסה,ספרד,המאה ה-11,1021,1058,"פילוסוף ומשורר, מחבר ""כתר מלכות"" ו""מקור חיים""",מהראשונים שהכניסו פילוסופיה יהודית לשירה,כתר מלכות; מקור חיים,מלאגה,ולנסיה,אבן גבירול,NULL,       ,       
200,10200,רבי שלמה אבן ואליד,טולדו,קסטיליה,המאה ה-14,0,0,חכם קסטיליאני,נזכר בכתבי דייני טולדו,NLI,,,               ,NULL,       ,       
381,10381,רבי שלמה אלבגדאדי,בגדד,בבל,המאה ה-14,0,0,מגיה וראש קהל,שמו מופיע בכתבי יד בגדדיים,EJ,,,               ,NULL,       ,       
500,10500,רבי שלמה בן אדרת,ברצלונה,קטלוניה,המאה ה-14,1240,1310,מגדולי הפוסקים והמנהיגים של יהדות ספרד; מחבר תשובות הרשב״א,"נולד בברצלונה ממשפחת אבן אדרת, מגדולי חכמי ספרד; הנהיג את קהילת ברצלונה והשפיע על כל קהילות ספרד ופרובאנס; רבו של הריטב״א ורבים מחכמי המאה ה-14.",EJ; JE; Responsa Rashba,ברצלונה,ברצלונה,הרשב״א         ,NULL,       ,       
607,10607,רבי שלמה בן אדרת (הצעיר),ברצלונה,קטלוניה,המאה ה-14,1280,1340,חכם מספרד שנשא שם דומה לרשב״א המפורסם,מופיע במקורות כשמשיב ומורה בקהילה.,JE,ברצלונה,ברצלונה,               ,NULL,       ,       
215,10215,רבי שלמה בן אליעזר בן אדהאן,סביליה,קסטיליה,המאה ה-14,0,0,ראש קהילה,מוזכר בכתבים קסטיליאניים,EJ,,,               ,NULL,       ,       
365,10365,רבי שלמה בן אליעזר מחלב,חלב,סוריה,המאה ה-14,0,0,פוסק ידוע,מקורות חלביים מהמאה ה-14 מזכירים אותו,NLI,,,               ,NULL,       ,       
618,10618,רבי שלמה בן אליעזר מקסטיליה,טולדו,קסטיליה,המאה ה-14,1290,1350,תלמיד אחד מהמעגל הספרדי,מוזכר כמורה בתשובות ספרדיות.,JE,קסטיליה,קסטיליה,               ,NULL,       ,       
279,10279,רבי שלמה בן גרשום מקושטא,קושטא,ביזנטיון,המאה ה-14,0,0,פוסק וחכם,מוזכר בפנקסי קושטא,NLI,,,               ,NULL,       ,       
396,10396,רבי שלמה בן יהודה מחלביה,חלביה,בבל,המאה ה-14,0,0,חכם בגלות בבל הפנימית,מוזכר בכתבים עיראקיים־פרסיים,EJ,,,               ,NULL,       ,       
337,10337,רבי שלמה בן יוסף מדמיאט,דמיאט,מצרים,המאה ה-14,0,0,חכם מקומי,נזכר בפנקסי דמיאט,NLI,,,               ,NULL,       ,       
255,10255,רבי שלמה בן יוסף מפדובה,פדובה,איטליה,המאה ה-14,0,0,סופר סת״ם ומעתיק כתבי־יד,כתבי יד מתקופתו שרדו,NLI,,,               ,NULL,       ,       
227,10227,רבי שלמה בן יוסף מפרפיניאן,פרפיניאן,פרובאנס,המאה ה-14,0,0,ראש קהילה,הוביל את קהילת פרפיניאן,NLI,,,               ,NULL,       ,       
374,10374,רבי שלמה בן יעקב מצידון,צידון,סוריה,המאה ה-14,0,0,חכם גלילי-סורי,תעודו נמצא במסמכי לבנון־סוריה,NLI,,,               ,NULL,       ,       
61,10061,רבי שלמה בן יצחק,טרואה,צרפת,המאה ה-11,1040,1105,פרשן התורה והתלמוד; מייסד שיטת הביאור הצרפתי,למד במגנצא ובורמייזא אצל רבי יעקב בן יקר ורבי יצחק הלוי; רבם של בניו ושל נכדיו (הרשב״ם ורבנו תם),"פירוש רש״י לתורה ולתלמוד; סה""ד; ס""י",טרואה,טרואה,רש״י           ,/img/rashi.jpg,       ,       
197,10197,רבי שלמה בן יצחק די ואלנסיה,ולנסיה,ספרד,המאה ה-14,0,0,חכם ולנסיאני,מוזכר ברשימות רבני ולנסיה,JE,,,               ,NULL,       ,       
332,10332,רבי שלמה בן מנחם אלכסנדרוני,אלכסנדריה,מצרים,המאה ה-14,0,0,חכם וקורא ציבור,מסמכים מציינים את תפקידו בקהילה,JE,,,               ,NULL,       ,       
291,10291,רבי שלמה בן משה מרודוס,רודוס,ביזנטיון,המאה ה-14,0,0,חכם קהילתי,נזכר בפנקסי האי רודוס,NLI,,,               ,NULL,       ,       
619,10619,רבי שלמה בן פרחיה,ברצלונה,קטלוניה,המאה ה-14,1280,1340,"חכם מספרד, מתלמידי דורות הרשב״א",נזכר בשו״ת הספרדיות כמעורב בהוראה.,JE,ברצלונה,ברצלונה,               ,NULL,       ,       
214,10214,רבי שלמה בן ראובן מדאראגה,דאראגה,קסטיליה,המאה ה-14,0,0,חכם קהילתי,נזכר בתעודות דאראגה,Castilian Jewish History,,,               ,NULL,       ,       
299,10299,רבי שלמה בן שמעון דוראן,אלג׳יר,אלג׳יר,המאה ה-14,0,0,פוסק חשוב ובן הרשב״ץ,מתועד בשו״ת דוראן,NLI,,,הרשב״ש         ,NULL,       ,       
236,10236,רבי שלמה בן שמעון מטולוז,טולוז,פרובאנס,המאה ה-14,0,0,דרשן ופוסק,חכם מרכזי בעיר טולוז,NLI,,,               ,NULL,       ,       
243,10243,רבי שלמה בן שמשון מפדובה,פדובה,איטליה,המאה ה-14,0,0,דיין ופוסק,רשומות בתי הדין של פדובה,EJ,,,               ,NULL,       ,       
271,10271,רבי שלמה בן שמשון מקולוניה,קולוניה,אשכנז,המאה ה-14,0,0,חכם מקומי,חבר בית הדין של קולוניה,EJ,,,               ,NULL,       ,       
72,10072,רבי שלמה הכהן בן קלונימוס מקלוניא,לוקי,איטליה,המאה ה-10,970,1030,פייטן ודרשן; מחבר פיוטים וסליחות שנכנסו למנהג אשכנז,חיזק את הקשר בין מסורת רומא למסורת גרמניה; משפיע על שירת רבי אלעזר הקליר,"מחזור ויטרי; סה""ד",לוקי,לוקי,               ,NULL,       ,       
344,10344,רבי שלמה הכהן הירושלמי,ירושלים,ארץ ישראל,המאה ה-14,0,0,פוסק וחזן,מוזכר בפנקסי הקהילה הירושלמית,EJ,,,               ,NULL,       ,       
316,10316,רבי שלמה הכהן מטריפולי,טריפולי,לוב,המאה ה-14,0,0,חכם מקומי,מוזכר בתעודות קהילת טריפולי,JE,,,               ,NULL,       ,       
305,10305,רבי שלמה כלפון מתלמסאן,תלמסאן,אלג׳יר,המאה ה-14,0,0,פוסק ואב״ד,מתועד בכתבי תלמסאן,NLI,,,               ,NULL,       ,       
284,10284,רבי שלמה לביא הזקן מסלוניקי,סלוניקי,ביזנטיון,המאה ה-14,0,0,פוסק ידוע,אבי משפחת לביא הידועה בעיר,EJ,,,               ,NULL,       ,       
390,10390,רבי שלמה ממוסול,מוסול,בבל,המאה ה-14,0,0,פוסק ומורה,נזכר בספרי חכמי מוסול,EJ,,,               ,NULL,       ,       
352,10352,רבי שלמה מצפת,צפת,ארץ ישראל,המאה ה-14,0,0,דיין וראש הקהל,נזכר בכתבים מקומיים,NLI,,,               ,NULL,       ,       
203,10203,רבי שם־טוב בן שם־טוב,טראגונה,קטלוניה,המאה ה-14,0,0,מחכמי קטלוניה,דמות מרכזית בקהילות אראגון,EJ,,,               ,NULL,       ,       
277,10277,רבי שמואל בן אליעזר מפרנקפורט,פרנקפורט,אשכנז,המאה ה-14,0,0,דיין וראש קהילה,מוזכר במסמכי פרנקפורט,NLI,,,               ,NULL,       ,       
358,10358,רבי שמואל בן יהודה הדמשקאי,דמשק,סוריה,המאה ה-14,0,0,פוסק וחכם מרכזי בדמשק,נזכר בתשובות ומסמכים מהמאה ה-14,EJ,,,               ,NULL,       ,       
348,10348,רבי שמואל בן יהודה מעכו (הרשב״ע),עכו,ארץ ישראל,המאה ה-14,0,0,מקובל וחוקר,"מחבר הספר החשוב ""ספר היוחסין""",EJ,,,הרשב״ע         ,NULL,       ,       
295,10295,רבי שמואל בן יונה מקנדיה,קנדיה,ביזנטיון,המאה ה-14,0,0,דרשן ומעתיק,נזכר במסמכי קהילת קנדיה,JE,,,               ,NULL,       ,       
6,10006,רבי שמואל בן יוסף הנגיד,גרנדה,ספרד,המאה ה-11,993,1056,"נגיד גרנדה, מנהיג מדיני ומשורר","שילב תורה, שירה ומדיניות; פטרון לחכמים",ספר בן תהילים; דברי הימים לשמואל הנגיד,מרידה,גרנדה,               ,NULL,       ,       
392,10392,רבי שמואל בן יוסף מהמדן,המדן,בבל,המאה ה-14,0,0,חכם ידוע,מתועד בספרי יהודי פרס־בבל,JE,,,               ,NULL,       ,       
213,10213,רבי שמואל בן יצחק מוולנסיה,ולנסיה,ספרד,המאה ה-14,0,0,דרשן ומורה,מתועד במסמכי ולנסיה,EJ,,,               ,NULL,       ,       
43,10043,רבי שמואל בן מאיר,טרואה,צרפת,המאה ה-11,1080,1160,פרשן התורה והתלמוד; נכדו של רש״י,נחשב מייסד גישת הפשט בפירוש התורה בצרפת הצפונית,"סה""ד; מבוא התוספות",טרואה,ריימס,"רשב""ם          ",NULL,       ,       
66,10066,רבי שמואל בן מאיר הקטן,צרפת,צרפת,המאה ה-12,1100,1160,תלמיד תלמידי רש״י; נודע בהרחבת שיטת פרשנות הפשט,אינו הרשב״ם הנכד אלא חכם צעיר מבית מדרשו של רש״י; נזכר בתוספות,"תוספות סנהדרין; ס""י",צרפת,צרפת,"רשב""ם הקטן     ",NULL,       ,       
232,10232,רבי שמואל בן מימון ממונפלייה,מונפלייה,פרובאנס,המאה ה-14,0,0,רופא ודיין,חבר בית הדין המקומי,EJ,,,               ,NULL,       ,       
382,10382,רבי שמואל בן נסים הבגדדי,בגדד,בבל,המאה ה-14,0,0,חכם ומעתיק,חתימותיו נמצאו בכתבי יד מן התקופה,NLI,,,               ,NULL,       ,       
204,10204,רבי שמואל בן סמחון,ג׳ירונה,קטלוניה,המאה ה-14,0,0,חכם קטלוני,מוזכר בתקנות ג׳ירונה,Catalonian Jewish Records,,,               ,NULL,       ,       
369,10369,רבי שמואל בן עזרא מחלב,חלב,סוריה,המאה ה-14,0,0,פייטן ומעתיק,יצירותיו ומעתיקיו נשתמרו בכתבי יד,JE,,,               ,NULL,       ,       
73,10073,רבי שמואל בן קלונימוס ממגנצא,מגנצא,אשכנז,המאה ה-11,990,1065,"מקובל, פייטן ומנהיג חסידי אשכנז הראשונים",אביו של רבי יהודה החסיד לפי חלק מהמסורות; ממייסדי תנועת חסידי אשכנז,"סה""ד; ספר חסידים",מגנצא,מגנצא,רבי שמואל החסיד ,NULL,       ,       
249,10249,רבי שמואל בן שלמה מאנקונה,אנקונה,איטליה,המאה ה-14,0,0,פוסק,מתועד בפנקסי אנקונה,EJ,,,               ,NULL,       ,       
290,10290,רבי שמעון בן אברהם מאדירנה,אדירנה,ביזנטיון,המאה ה-14,0,0,דיין,מוזכר בתעודות המכון לענייני קהילות יוון,EJ,,,               ,NULL,       ,       
377,10377,רבי שמעון בן לוי מחמה,חמה,סוריה,המאה ה-14,0,0,חכם ודיין,נזכר במסמכים קהילתיים מחמה,NLI,,,               ,NULL,       ,       
298,10298,רבי שמעון בן צמח דוראן,אלג׳יר,אלג׳יר,המאה ה-14,1361,1444,מגדולי פוסקי המערב,עלה מספרד לאלג׳יר; יסוד משפחת דוראן,EJ,,,הרשב״ץ         ,NULL,       ,       
13,10013,רבי שמעון הגדול ממגנצא,מגנצא,גרמניה,המאה ה-11,970,1050,"ראש ישיבה במיינץ, מממשיכי רבנו גרשום",נמנה על ראשוני תלמידי רבנו גרשום מאור הגולה,איגרות מגנצא; ספר היוחסין,מגנצא,מגנצא,,NULL,       ,       
261,10261,רבי שמעון מגרמייזא,וורמייזה,אשכנז,המאה ה-14,0,0,מקובל וחכם,ממשיכי חכמי חסידי אשכנז,NLI,,,               ,NULL,       ,       
64,10064,רבי שמעיה,טרואה,צרפת,המאה ה-11,1050,1105,תלמידו ומעתיקו של רש״י; שימש מזכירו בכתיבת פירושי המקרא,נחשב לעוזרו בעריכת פירושי התורה והנביאים,"מבוא לפירוש רש״י; סה""ד",צרפת,טרואה, תלמיד רש״י,NULL,       ,       
21,10021,רבי שמריה בן אלחנן,אלכסנדריה,מצרים,המאה ה-10,940,1005,מגדולי חכמי מצרים; ממייסדי מרכז התורה באלכסנדריה,נשבה יחד עם רבי חושיאל; הפיץ תורה בבני הגולה שבמצרים,"ספר הקבלה לראב״ד; אוה""ג",בבל,אלכסנדריה,               ,NULL,       ,       
323,10323,רבי שמשון בן אליהו הכהן,קהיר,מצרים,המאה ה-14,0,0,דיין ודרשן,מופיע בתעודות בית הדין,JE,,,               ,NULL,       ,       
219,10219,רבי שמשון נגרין,פרפיניאן,פרובאנס,המאה ה-14,0,0,פוסק ומורה הוראה,תלמיד מחוג המאירי,NLI,,,               ,NULL,       ,       
34,10034,רבי שפטיה בן אמיתי מרומי,אמלפי,איטליה,המאה ה-10,910,1000,חכם ומשורר מאיטליה הדרומית; ידוע כצדיק בעל מעשי ניסים,נזכר בספרות המוסר והאגדה כצדיק נסתר מרומא; מייצג את הפן המיסטי של חכמי איטליה,"סה""ד; ספר החסידים; ס""י",אמלפי,אמלפי,               ,NULL,       ,       
357,10357,רביבנימין השומרוני הגדול,שכם,ארץ ישראל,המאה ה-14,0,0,ראש קהילת השומרונים,אישיות מתועדת במקורות בני התקופה; לא יהודי אך חלק מהמרחב הרבני-חברתי,EJ,,,               ,NULL,       ,       
