RabbiID,FullName,City,Country,Period,YearOfBirth,YearOfDeath,KnownFor,Notes,Sources,PlaceOfBirth,PlaceOfPtira,knownAs,ImageUrl,URL,HebDob,HebDoP,Approx,HebCharDob,HebCharDoP,Assumed,id
10001,רב שרירא בן חנינא גאון,פומבדיתא,בבל,המאה ה-10,906,1006,"ראש ישיבת פומבדיתא ומחבר ""איגרת רב שרירא גאון""","אביו של רב האי גאון; מתאר את תולדות התורה שבעל פה עד דורו","איגרת רב שרירא גאון; אוה""ג",בבל,פומבדיתא,רב שרירא גאון,,https://he.wikipedia.org/wiki/רב_שרירא_גאון,4666,4676,1,ד׳תרס"ו ,ד׳תרע"ו ,0,9950
10002,רב האי בן שרירא גאון,פומבדיתא,בבל,המאה ה-10,939,1038,"ראש ישיבת פומבדיתא; אחרון הגאונים; פוסק חשוב","נודע בצניעותו ובפסיקותיו; מורה לרבי ניסים גאון ואחרים","אוה""ג; תשה""ג",פומבדיתא,בבל,רב האי גאון,,,4699,4798,1,ד׳תרצ"ט ,ד׳תשצ"ח ,0,9651
10003,רב חננאל בן חושיאל,קיירואן,תוניסיה,המאה ה-11,990,1053,"פירוש על התלמוד מבית מדרשו של רב האי גאון","מייסד שיטת הפירוש ההמשכי לתלמוד","איגרות רב האי; ספר הערוך לרב נתן",קיירואן,קיירואן,רבינו חננאל,,,4726,4816,1,ד׳תשכ"ו ,ד׳תתט""ז,0,10003
10004,רב ניסים בן יעקב גאון,קיירואן,תוניסיה,המאה ה-11,990,1062,"מחבר ""ספר המפתח"" ו""שאלות ותשובות""","חברו הקרוב של רב חננאל; קיבל תשובות מרב האי גאון","ספר המפתח; תשובות רב האי גאון",קיירואן,קיירואן,רב ניסים גאון,,,4750,4822,1,ד׳תשנ'  ,ד׳תתכ"ב ,0,10004
10005,רבי יצחק אבן גיאת,לוצנה,ספרד,המאה ה-11,1030,1089,"ראש ישיבת לוצ׳נה ופוסק חשוב; מחבר פיוטים רבים","מורהו של הרמב""ם הצעיר; בעל ""שערי שמחה""","ספר השטרות; פיוטי יצחק אבן גיאת",לוצ׳נה,לוצ׳נה,רבי שמואל הנגיד,,,4790,4849,1,ד׳תשצ'  ,ד׳תתמ"ט ,0,10005
10006,רבי שמואל בן יוסף הנגיד,גרנדה,ספרד,המאה ה-11,993,1056,"נגיד גרנדה, מנהיג מדיני ומשורר","שילב תורה, שירה ומדיניות; פטרון לחכמים","ספר בן תהילים; דברי הימים לשמואל הנגיד",מרידה,גרנדה,,,4753,4816,1,ד׳תשנ"ג ,ד׳תתט""ז,0,10006
10007,רבי שלמה אבן גבירול,סרגוסה,ספרד,המאה ה-11,1021,1058,"פילוסוף ומשורר, מחבר ""כתר מלכות"" ו""מקור חיים""","מהראשונים שהכניסו פילוסופיה יהודית לשירה","כתר מלכות; מקור חיים",מלאגה,ולנסיה,אבן גבירול,,,4781,4818,1,ד׳תשפ"א ,ד׳תתי"ח ,0,10007
10008,רבי גרשום בן יהודה,מגנצא,גרמניה,המאה ה-10,960,1040,"מייסד ישיבת מיינץ; גוזר חרם דרבנו גרשום","אבי יהדות אשכנז; רבו של רש""י","תשובות רבנו גרשום; ספר הקבלה לרמב""ן",מץ,מיינץ,רבנו גרשום מאור הגולה,,,4720,4800,1,ד׳תשכ'  ,ד׳תת    ,0,10008
10010,רבי משה הדרשן,נרבונה,פרובנס,המאה ה-11,1020,1080,"דרשן ובעל אסכולת מדרשים עתיקים","ההשפעה על רש""י ועל תלמידיו","ספרי הדרש של רבי משה הדרשן",נרבונה,נרבונה,,,4780,4840,1,ד׳תשפ'  ,ד׳תתמ'  ,0,10010
10011,רבי מנחם בן שלמה ממאירי,נרבונה,פרובנס,המאה ה-13,1249,1316,"מחבר ""מגן אבות"" על מסכת אבות","מהבולטים בחכמי פרובנס המאוחרים; ממשיך רוח הראשונים","מגן אבות; הקדמת הרמ״מ",נרבונה,נרבונה,המאירי ,,,5009,5076,0,ה׳ט'    ,ה׳ע"ו   ,0,10011
10013,רבי שמעון הגדול ממגנצא,מגנצא,גרמניה,המאה ה-11,970,1050,"ראש ישיבה במיינץ, מממשיכי רבנו גרשום","נמנה על ראשוני תלמידי רבנו גרשום מאור הגולה","איגרות מגנצא; ספר היוחסין",מגנצא,מגנצא,,,4730,4810,1,ד׳תשל'  ,ד׳תתי'  ,0,10013
10014,רבי יצחק בן אליהו משפיירא,שפיירא,גרמניה,המאה ה-11,990,1065,"ראש ישיבת שפיירא, פוסק ומנהיג קהילה","חברו ועמיתו של רב יעקב בן יקר","ספר הקבלה; תולדות רבני אשכנז",שפיירא,שפיירא,,,4750,4825,1,ד׳תשנ'  ,ד׳תתכ"ה ,0,10014
10015,רבי יוסף טוב עלם  הצרפתי,לימוז׳,צרפת,המאה ה-11,1010,1070,"מגדולי חכמי צרפת; מורה דרכו של רש""י הצעיר","מכונה ""טוב עלם"" בשל גודל חכמתו; עסק בפיוט ובפסיקה","ספר התשב״ץ; הקדמות רש״י",לימוז׳,לימוז׳,,,4770,4830,1,ד׳תשע'  ,ד׳תתל'  ,0,10015
10016,רבי אליעזר הגדול בן יצחק,מגנצא,גרמניה,המאה ה-11,1020,1084,"מראשי ישיבת מגנצא; מרבותיו של רש""י","תלמידו של רב גרשום מאור הגולה; שילב עומק פלפול אשכנזי עם מסורת בבלית","ס""י; דברי ימי צרפת",מגנצא,מגנצא,,,4780,4844,1,ד׳תשפ'  ,ד׳תתמ"ד ,0,10016
10017,רבי יעקב בן יקר,מגנצא,גרמניה,המאה ה-11,990,1064,"מורהו הישיר של רש""י","חברו הקרוב של רבי יצחק הלוי; נחשב המפרש הראשון בשיטת לימוד רש""י ספר היוחסין; הקדמת רש״י על מסכת ברכות",מגנצא,מגנצא,,,4750,4824,1,ד׳תשנ'  ,ד׳תתכ"ד ,0,10017
10018,רבי יצחק בן יהודה,מגנצא,גרמניה,המאה ה-11,995,1060,"מגדולי חכמי אשכנז בדור שלפני רש""י","נודע בענוותו ובקפדנותו בלימוד","אוה""ג; ספר הדורות",מגנצא,מגנצא,,,4755,4820,1,ד׳תשנ"ה ,ד׳תתכ'  ,0,10018
10019,רבי יצחק הלוי ממגנמא,מגנצא,גרמניה,המאה ה-11,1000,1070,"מראשי ישיבת מגנצא; מורהו של רש""י","נמנה על גדולי דורו עם רב יעקב בן יקר ורב יוסף טוב עלם","תולדות רבני צרפת ואשכנז; ספר הקבלה לרמב״ן",מגנצא,מגנצא,,,4760,4830,1,ד׳תשס'  ,ד׳תתל'  ,0,10019
10020,רבי חושיאל בן אלחנן,קיירואן,תוניסיה,המאה ה-10,940,1000,"מראשוני ארבעת השבויים; ייסד את ישיבת קיירואן","אביו של רב חננאל בן חושיאל; הפיץ את תורת בבל בצפון אפריקה","ספר הקבלה לראב״ד; סה""ד",בבל,קיירואן,,,4700,4760,1,ד׳תש    ,ד׳תשס'  ,0,10020
10021,רבי שמריה בן אלחנן,אלכסנדריה,מצרים,המאה ה-10,940,1005,"מגדולי חכמי מצרים; ממייסדי מרכז התורה באלכסנדריה","נשבה יחד עם רבי חושיאל; הפיץ תורה בבני הגולה שבמצרים","ספר הקבלה לראב״ד; אוה""ג",בבל,אלכסנדריה,,,4700,4765,1,ד׳תש    ,ד׳תשס"ה ,0,10021
10022,רבי משה בן חנוך,קורדובה,ספרד,המאה ה-10,940,996,"אבי תור הזהב הספרדי; מייסד ישיבת קורדובה","נשבה לספרד והפך לרב הראשי שם; אביו של רב חנוך בן משה","ספר הקבלה; דברי הימים לרשד""ל",בבל,קורדובה,,,4700,4756,1,ד׳תש    ,ד׳תשנ"ו ,0,10022
10023,רבי נתן בן חנוך,פאס,מרוקו,המאה ה-10,940,990,"מן השבויים שעלו לפאס והקימו מרכז תורה שם","ייתכן שהיה מקרוביו של רבי משה בן חנוך; הניח יסוד ללימוד התורה במערב","סה""ד; ספר הקבלה לראב״ד",בבל,פאס,,,4700,4750,1,ד׳תש    ,ד׳תשנ'  ,0,10023
10024,רבי חנוך בן משה,קורדובה,ספרד,המאה ה-10,965,1014,"בנו ותלמידו של רבי משה בן חנוך; ראש ישיבת קורדובה אחריו","עמד בראש ישיבת קורדובה עד מותו הטרגי בבית הכנסת; נחשב יורשו של אביו במנהיגות תורנית","ספר הקבלה לראב״ד; סה""ד",קורדובה,קורדובה,,,4725,4774,1,ד׳תשכ"ה ,ד׳תשע"ד ,0,10024
10025,רבי יצחק בן ברוך אבן אלבאליה,גרנדה,ספרד,המאה ה-11,1013,1089,"מגדולי פוסקי ספרד ומראשי ישיבת גרנדה","עסק בהנהגה מדינית וציבורית לצד רב שמואל הנגיד; אביו של רבי ברוך אלבאליה","ספר הקבלה לראב״ד; דברי הימים לרשד״ל",טולדו,גרנדה,,,4773,4849,1,ד׳תשע"ג ,ד׳תתמ"ט ,0,10025
10026,רבי ברוך בן יצחק אלבאליה,גרנדה,ספרד,המאה ה-11,1045,1100,"בנו של רבי יצחק אלבאליה; מורה ופוסק בדור שאחרי הנגיד","ממשיך דרכו של אביו בישיבת גרנדה; פעל להפצת התורה בדרום ספרד","ספר הקבלה; סה""ד",גרנדה,גרנדה,,,4805,4860,1,ד׳תתה'  ,ד׳תתס'  ,0,10026
10027,רבי יצחק בן יעקב אל ברגלוני,ברצלונה,ספרד,המאה ה-11,1020,1080,"מגדולי חכמי קטלוניה הראשונים; פירושיו השפיעו על ראשוני ספרד","נחשב מגדולי מפרשי המקרא בדורו; שמו נודע בין חכמי פרובנס וקטלוניה","סה""ד; אנציקלופדיה יהודית",ברצלונה,ברצלונה,,,4780,4840,1,ד׳תשפ'  ,ד׳תתמ'  ,0,10027
10028,רבי יצחק בן משה מבגדד,בגדד,עיראק,המאה ה-11,1000,1070,"חכם בבלי שביקש לשמר את תורת הגאונים במזרח","מוזכר כמורה לרבי יצחק אלפסי; אחד האחרונים בשרשרת הישיבות הבבליות","ספר הקבלה לראב״ד; סה""ד",בגדד,בגדד,,,4760,4830,1,ד׳תשס'  ,ד׳תתל'  ,0,10028
10029,רבי יצחק אלפסי,לוצנה,ספרד,המאה ה-11,1013,1103,"מחבר ""הלכות הרי״ף""; מראשי ההלכה הספרדית ומבשר הרמב""ם","למד תורה במגרב, היגר לספרד לאחר רדיפות וייסד בה ישיבה גדולה; נחשב עמוד הפסק של ההלכה הספרדית","ספר הקבלה; הקדמת הרי״ף; סה""ד; מבואי הרמב״ם",פאס,אליסאנה,הרי"ף,,,4773,4863,1,ד׳תשע"ג ,ד׳תתס"ג ,0,10029
10030,רבי נתן בן יחיאל מרומי,רומא,איטליה,המאה ה-11,1035,1110,"מחבר ספר הערוך – מילון תלמודי-מדרשי ראשון מסוגו","עמד בראש ישיבת רומא; ריכז את מסורת בבל, ארץ ישראל ואיטליה במפעל לקסיקוגרפי מקיף; ספרו שימש בסיס לכל פרשני התלמוד לאחריו","ספר הערוך; סה""ד; הקדמות הראשונים",רומא,רומא,הערוך,,,4795,4870,1,ד׳תשצ"ה ,ד׳תתע'  ,0,10030
10031,רבי אלעזר הקליר,גליל,ארץ ישראל,המאה ה-06,570,640,"אבי הפיוט העברי; מחבר פיוטים רבים למחזורים קדומים","שמו נגזר ככל הנראה מקלירוס – שם יישוב בגליל או ביוון; יסד את סגנון הפיוט הקלירי ששלט עד ימי ספרד","אוצר הפיוט; סה""ד; ספר הקבלה",א״י (טבריה?),א״י,,,4330,4400,1,ד׳של'   ,ד׳ת     ,0,9000
10033,רבי קלונימוס בן משה מרומי,רומא,איטליה,המאה ה-10,910,990,"מגדולי ממשיכי מסורת רומי; הביא תורה מאיטליה לגרמניה","עלה ממורמיה למגנצא בגרמניה והקים בה את ישיבת מגנצא – ראש משפחת קלונימוס האשכנזית","ספר הקבלה; סה""ד; דברי הימים לגרץ",רומא,מגנצא,,,4670,4750,1,ד׳תרע'  ,ד׳תשנ'  ,0,9652
10034,רבי שפטיה בן אמיתי מרומי,אמלפי,איטליה,המאה ה-10,910,1000,"חכם ומשורר מאיטליה הדרומית; ידוע כצדיק בעל מעשי ניסים","נזכר בספרות המוסר והאגדה כצדיק נסתר מרומא; מייצג את הפן המיסטי של חכמי איטליה","סה""ד; ספר החסידים; ס""י",אמלפי,אמלפי,,,4670,4760,1,ד׳תרע'  ,ד׳תשס'  ,0,9660
10035,רבי דניאל בן יהודה מרומי,רומא,איטליה,המאה ה-11,1020,1080,"פיוטיו כלולים במחזורי איטליה; המשיך דרכו של רבי אלעזר הקליר","מגדולי הפייטנים האיטלקים המאוחרים; פעל בדור שלפני רבי נתן בן יחיאל","אוצר הפיוט; מחזור ויטרי; סה""ד",רומא,רומא,,,4780,4840,1,ד׳תשפ'  ,ד׳תתמ'  ,0,10035
10041,רבי מימון בן יוסף נדיין,קורדובה,ספרד,המאה ה-12,1110,1170,"דיין ומשורר; אביו ומורו של הרמב״ם","נמלט עם משפחתו מקורדובה לפאס עקב רדיפות האלמוואחידון; ייסד את בית המדרש שבו למד הרמב״ם את יסודות ההלכה הספרדית","סה""ד; הקדמת הרמב״ם לפירוש המשנה; ס""י",קורדובה,פאס,אבי הרמב"ם,,,4870,4930,1,ד׳תתע'  ,ד׳תתקל' ,0,10041
10043,רבי שמואל בן מאיר,טרואה,צרפת,המאה ה-11,1080,1160,"פרשן התורה והתלמוד; נכדו של רש״י","נחשב מייסד גישת הפשט בפירוש התורה בצרפת הצפונית","סה""ד; מבוא התוספות",טרואה,ריימס,רשב"ם          ,,,4840,4920,1,ד׳תתמ'  ,ד׳תתקכ' ,0,10043
10044,רבי יצחק בן מאיר,ריימס,צרפת,המאה ה-12,1090,1170,"אחיו של הרשב״ם; מאבות בעלי התוספות","רבו של רבנו תם ורבי יצחק הזקן","סה""ד; תוספות פסחים דף ג׳",ריימס,ריימס,הריב"ם         ,,,4850,4930,1,ד׳תתנ'  ,ד׳תתקל' ,0,10044
10046,רבי יצחק בן שמואל,דמפייר,צרפת,המאה ה-12,1115,1184,"מגדולי בעלי התוספות; רבו של ר״א מגרמייזא","תלמיד רבנו תם והריב״ם","תוספות סנהדרין דף י״א; ספר היראים",דמפייר,דמפייר,ר״י הזקן       ,,,4875,4944,1,ד׳תתע"ה ,ד׳תתקמ"ד,0,10046
10047,רבי אלעזר בן יהודה,מגנצא,אשכנז,המאה ה-12,1090,1170,"מחבר ""ספר ראב״ן""; מראשוני הפוסקים באשכנז","נחשב תלמיד־חבר לרש״י ולבניו","ספר האורה; סה""ד",מגנצא,מגנצא,,,4850,4930,1,ד׳תתנ'  ,ד׳תתקל' ,0,10047
10048,רבי אלעזר בן יהודה מגרמייזא,וורמייזא,אשכנז,המאה ה-12,1160,1238,"מקובל ופוסק; מחבר ספר הרוקח","תלמיד ר״י הזקן ובעל מסורת חסידי אשכנז","פוסק ומקובל; מחבר ספר הרוקח וספר האשכול",וורמייזא,וורמייזא,הרוקח ,,,4920,4998,1,ד׳תתקכ' ,ד׳תתקצ"ח,0,10048
10049,רבי אברהם בן דוד מפושקיירה,פושקיירה,פרובנס,המאה ה-12,1120,1198,"מבקרו של הרמב״ם; מחבר השגות על היד החזקה","אביו של רבי יצחק הסופר (בעל השגות)","השגות על הרמב״ם; ספר הקבלה",נרבונה,פושקיירה,הראב״ד השלישי  ,,,4880,4958,1,ד׳תתפ'  ,ד׳תתקנ"ח,0,10049
10050,רבי יהונתן מלוניל,לוניל,פרובנס,המאה ה-12,1135,1220,"פרשן תלמוד; מצוטט ע״י הרמב״ן והרא״ש","חיבר פירוש על רוב מסכתות התלמוד","פירוש הר״י מלוניל למסכת בבא קמא",לוניל,לוניל,ר״י מלוניל     ,,,4895,4980,1,ד׳תתצ"ה ,ד׳תתקפ' ,0,10050
10051,רבי יהודה הלוי,קורדובה,ספרד,המאה ה-11,1075,1141,"פילוסוף ומשורר; מחבר ספר הכוזרי","עלה לארץ ישראל לעת זקנתו","ספר הכוזרי",קורדובה,ארץ ישראל,הכוזרי ,,,4835,4901,1,ד׳תתל"ה ,ד׳תתקא' ,0,10051
10052,רבי יוסף אבן מיגאש,לוצנה,ספרד,המאה ה-11,1077,1141,"תלמיד הרי״ף; רבו של הרמב״ם הצעיר","ירש את מקומו של הרי״ף בישיבה","סה""ד; תשובות הרי״מ גאש",אליסנה,אליסנה,ר"י מיגאש      ,,,4837,4901,1,ד׳תתל"ז ,ד׳תתקא' ,0,10052
10053,רבי משה בן מימון,קורדובה,מצרים,המאה ה-12,1135,1204,"מחבר משנה תורה ומורה נבוכים; גדול הפוסקים והפילוסופים, איגרות הרמב״ם; הקדמת היד החזקה","בן לרבי מימון הדיין; הושפע מתלמידי הרי״ף ",קורדובה,פוסטאט,הרמב״ם ,,,4895,4964,1,ד׳תתצ"ה ,ד׳תתקס"ד,0,10053
10054,רבי משה בן נחמן,חרונה,ספרד,המאה ה-13,1194,1270,"פוסק, מקובל ופרשן התורה; מגן המסורת נגד הרמב״ם","עלה לארץ ישראל; חיבר פירוש לתורה, פירוש הרמב״ן; ויכוח ברצלונה",חרונה,עכו,הרמב״ן ,,,4954,5030,1,ד׳תתקנ"ד,ה׳ל'    ,0,10054
10055,רבי יהודה אלברגלוני,ברצלונה,ספרד,המאה ה-11,1070,1135,"מחבר ספר העיתים; מבאר תפילות ומנהגים על פי התלמוד והמסורת הבבלית","חי בדור שבין הרי״ף לראב״ד הראשון; השפיע על סידור התפילה הספרדי","ספר העיתים; סה""ד",ברצלונה,ברצלונה,העיתים ,,,4830,4895,1,ד׳תתל'  ,ד׳תתצ"ה ,0,10055
10056,רבי אברהם בן דוד הראשון,נרבונה,פרובנס,המאה ה-11,1020,1080,"מגדולי ראשוני פרובנס; ממייסדי ישיבת נרבונה","מוזכר אצל רבי משה הדרשן; אבי משפחת הראב״דים","סה""ד; ס""י",נרבונה,נרבונה,הראב״ד הראשון  ,,,4780,4840,1,ד׳תשפ'  ,ד׳תתמ'  ,0,10056
10057,רבי דוד בן אברהם,נרבונה,פרובנס,המאה ה-11,1050,1100,"דיין וראש ישיבת נרבונה; אביו של רבי אברהם בן דוד השלישי (הראב״ד המפורסם)","ממשיך שושלת הראב״דים; השפעתו ניכרת בדור הבא","ס""י; סה""ד",נרבונה,נרבונה,הראב״ד השני    ,,,4810,4860,1,ד׳תתי'  ,ד׳תתס'  ,0,10057
10058,רבי הלל בן אחיקים מיון,ליון,צרפת,המאה ה-12,1115,1190,"מגדולי תלמידי רבי יצחק בן מרדכי; ידוע כחכם משכיל ומעמיק בתלמוד","חי בתקופת בעלי התוספות ועמד בקשר עם חכמי ספרד ופרובנס","סה""ד; ס""י",יון,יון,,,4875,4950,1,ד׳תתע"ה ,ד׳תתקנ' ,0,10058
10059,רבי זרחיה הלוי מגירונה,גירונה,קטלוניה,המאה ה-12,1125,1186,"מחבר ספר המאור; מבקרו של הרי״ף","ממניחי יסוד הדיון הביקורתי ההלכתי; חי בצעירותו בספרד ולאחר מכן בפרובנס","ספר המאור; הקדמת הרמב״ן לספר המאור",גירונה,לוניל,בעל המאור      ,,,4885,4946,1,ד׳תתפ"ה ,ד׳תתקמ"ו,0,10059
10060,רבי יצחק בן אבא מארי,מרסיי,פרובנס,המאה ה-12,1120,1190,"מחבר ספר העיטור; מקיף הלכות מעשיות ומנהגים","חי בפרובנס, מושפע מן הספרדים אך שומר על סגנון עצמאי; בן דורו של הראב״ד והמאור","סה""ד; ספר העיטור; מבוא רבי יצחק למורה נבוכים",מרסיי,מרסיי,בעל העיטור     ,,,4880,4950,1,ד׳תתפ'  ,ד׳תתקנ' ,0,10060
10061,רבי שלמה בן יצחק,טרואה,צרפת,המאה ה-11,1040,1105,"פרשן התורה והתלמוד; מייסד שיטת הביאור הצרפתי","למד במגנצא ובורמייזא אצל רבי יעקב בן יקר ורבי יצחק הלוי; רבם של בניו ושל נכדיו (הרשב״ם ורבנו תם)","פירוש רש״י לתורה ולתלמוד; סה""ד; ס""י",טרואה,טרואה,רש״י ,/img/rashi.jpg,,4800,4865,1,ד׳תת    ,ד׳תתס"ה ,0,10061
10062,רבי יוסף בן רש״י,טרואה,צרפת,המאה ה-11,1070,1115,"בנו של רש״י; תלמידו ומעתיק דבריו; נזכר בתוספות ובספר הישר","כתב הערות וביאורים לפירוש אביו; שימש כרב בטרואה","סה""ד; ספר היוחסין",טרואה,טרואה,,,4830,4875,1,ד׳תתל'  ,ד׳תתע"ה ,0,10062
10063,רבי יצחק בן רש״י,טרואה,צרפת,המאה ה-11,1075,1135,"בנו הצעיר של רש״י; ממעתיקי תורת אביו","אביהם של הרשב״ם ורבנו תם; המשיך את בית המדרש של רש״י","סה""ד; ספר היוחסין",טרואה,טרואה,,,4835,4895,1,ד׳תתל"ה ,ד׳תתצ"ה ,0,10063
10064,רבי שמעיה,טרואה,צרפת,המאה ה-11,1050,1105,"תלמידו ומעתיקו של רש״י; שימש מזכירו בכתיבת פירושי המקרא","נחשב לעוזרו בעריכת פירושי התורה והנביאים","מבוא לפירוש רש״י; סה""ד",צרפת,טרואה,תלמיד רש״י,,,4810,4865,1,ד׳תתי'  ,ד׳תתס"ה ,0,10064
10065,רבי יקותיאל בן משה,צרפת,צרפת,המאה ה-11,1060,1120,"תלמיד רש״י; נזכר במקורות כעוסק בהעתקת חידושיו","שימר את מסורת בית מדרשו של רש״י בדרום צרפת","סה""ד; ס""י",צרפת,צרפת,מלתמידי רש"י   ,,,4820,4880,1,ד׳תתכ'  ,ד׳תתפ'  ,0,10065
10066,רבי שמואל בן מאיר הקטן,צרפת,צרפת,המאה ה-12,1100,1160,"תלמיד תלמידי רש״י; נודע בהרחבת שיטת פרשנות הפשט","אינו הרשב״ם הנכד אלא חכם צעיר מבית מדרשו של רש״י; נזכר בתוספות","תוספות סנהדרין; ס""י",צרפת,צרפת,רשב"ם הקטן     ,,,4860,4920,1,ד׳תתס'  ,ד׳תתקכ' ,0,10066
10067,רבי אלעזר בן שמואל,מגנצא,אשכנז,המאה ה-12,1090,1170,"מחבר ספר ראב״ן; תלמידו של רש״י ובניו","מהחשובים בבעלי התוספות הראשונים; ביסס את שיטת ההוראה האשכנזית","ספר ראב״ן; סה""ד",מגנצא,מגנצא,,,4850,4930,1,ד׳תתנ'  ,ד׳תתקל' ,0,10067
10070,רבי משה בן קלונימוס ממגנצא,מגנצא,אשכנז,המאה ה-10,900,960,"מייסד ישיבת מגנצא באשכנז; חכם, משורר ומנהיג קהילה","ממקימי הקהילה האשכנזית הקדומה; ייסד את מסורת התפילה האשכנזית"," סה""ד; מחזור ויטרי",מגנצא,מגנצא,,,4660,4720,1,ד׳תרס'  ,ד׳תשכ'  ,0,9650
10071,רבי קלונימוס בן משה הצעיר,מגנצא,אשכנז,המאה ה-10,950,1020,"חכם ופייטן; חיבר פיוטים ותקנות קהילה","אביו של רבי שלמה הכהן מקלוניא; ממשיך דרך בית קלונימוס","מחזור רומי; סה""ד",מגנצא,מגנצא,,,4710,4780,1,ד׳תשי'  ,ד׳תשפ'  ,0,10071
10072,רבי שלמה הכהן בן קלונימוס מקלוניא,לוקי,איטליה,המאה ה-10,970,1030,"פייטן ודרשן; מחבר פיוטים וסליחות שנכנסו למנהג אשכנז","חיזק את הקשר בין מסורת רומא למסורת גרמניה; משפיע על שירת רבי אלעזר הקליר","מחזור ויטרי; סה""ד",לוקי,לוקי,,,4730,4790,1,ד׳תשל'  ,ד׳תשצ'  ,0,10072
10073,רבי שמואל בן קלונימוס ממגנצא,מגנצא,אשכנז,המאה ה-11,990,1065,"מקובל, פייטן ומנהיג חסידי אשכנז הראשונים","אביו של רבי יהודה החסיד לפי חלק מהמסורות; ממייסדי תנועת חסידי אשכנז","סה""ד; ספר חסידים",מגנצא,מגנצא,רבי שמואל החסיד ,,,4750,4825,1,ד׳תשנ'  ,ד׳תתכ"ה ,0,10073
10074,רבי יהודה בן שמואל החסיד,רגנסבורג,אשכנז,המאה ה-12,1150,1217,"מנהיג חסידי אשכנז; מחבר ספר חסידים","נכדו הרוחני של בית קלונימוס; ייסד את הזרם המיסטי־מוסרי באשכנז","ספר חסידים; ס""י; סה""ד",שפיירא,רגנסבורג,רבי יהודה החסיד,,,4910,4977,1,ד׳תתקי' ,ד׳תתקע"ז,0,10074
10076,רבי אליעזר בן אליעזר מגרמייזא,וורמייזה,אשכנז,המאה ה-15,1420,1488,"פרשן על רש״י; מחבר ""ספר הרא״ם"" על פירוש רש״י לתורה","מבעלי התוספות האחרונים באשכנז; עמד על דיוקי לשון ודרש ברש״י; ספרו נחשב יסודי בפרשנות המקרא האשכנזית המאוחרת","ספר הרא״ם על התורה; סה""ד; הקדמת מהדורת בובר; ס""י",מגנצא,מגנצא,הרא״ם,,,5180,5248,1,ה׳קפ'   ,ה׳רמ"ח  ,0,10076
10077,רבי אליעזר בן נתן,מגנצא,אשכנז,המאה ה-12,1090,1170,"פוסק ותלמיד רש״י; מחבר ספר ראב״ן – אסופת פסקים ומנהגים","נחשב מאבות בעלי התוספות; משפיע ישיר על הרמב״ם, הרי״ף והרא״ש","ספר ראב״ן; סה""ד; ס""י",מגנצא,מגנצא,הראב״ן,,,4850,4930,1,ד׳תתנ'  ,ד׳תתקל' ,0,10077
10078,רבי מאיר בן ברוך מרוטנבורג,רוטנבורג,אשכנז,המאה ה-13,1215,1293,"פוסק ומנהיג הדור; מחבר תשובות, פיוטים ותקנות קהילה","מנהיג יהדות אשכנז; תלמיד הרוקח ורבי יהודה החסיד; מורה לרבנו אשר (הרא״ש)","שו״ת מהר״ם מרוטנבורג; סה""ד; ס""י",ורמייזא,בכלא באנסיסהיים,מהר״ם מרוטנבורג,,,4975,5053,0,ד׳תתקע"ה,ה׳נ"ג   ,0,10078
10079,רבי אשר בן יחיאל,קלן,אשכנז / ספרד,המאה ה-13,1250,1327,"פוסק וראש ישיבה; תלמיד מהר״ם מרוטנבורג; מחבר פסקי הרא״ש","יצא מספרד לאחר מאסר רבו; הביא את מסורת אשכנז לספרד; אביו של הטור","פסקי הרא״ש; ס""י; סה""ד",קלן,טולדו,הרא״ש,/img/rosh.jpg,/img/rosh.jpg,5010,5087,1,ה׳י'    ,ה׳פ"ז   ,0,10079
10080,רבי יצחק בן אברהם,צרפת,צרפת,המאה ה-13,1200,1270,"בעל תוספות הריצב״א; אחד מבעלי התוספות הגדולים","תלמיד הרשב״א לפי מסורות, ותלמיד תלמידי רש״י; נודע בחידושי ההלכה המדויקים שלו","תוספות הריצב״א; סה""ד",צרפת,צרפת,הריצב״א,,,4960,5030,1,ד׳תתקס' ,ה׳ל'    ,0,10080
10081,רבי יהודה בן יצחק מפאריס,פאריס,צרפת,המאה ה-13,1190,1250,"תלמיד רבי יחיאל מפאריס; השתתף בוויכוח פריז נגד הנוצרים (1240)","נמנה עם בעלי התוספות המאוחרים בצרפת; עוסק בהגנת היהדות ובפולמוסים","סה""ד; ס""י; תולדות בעלי התוספות",פאריס,פאריס,,,4950,5010,1,ד׳תתקנ' ,ה׳י'    ,0,10081
10082,רבי אליעזר בן יואל הלוי,בון,אשכנז,המאה ה-12,1140,1220,"מחבר ספר ראביה – אסופת הלכות, פסקים ומנהגים","תלמיד רבי יהודה החסיד ורבי יהודה בן קלונימוס; נחשב עמוד פסיקה באשכנז","ספר ראביה; סה""ד",קלן,בון,הראבי"ה,,,4900,4980,1,ד׳תתק   ,ד׳תתקפ' ,0,10082
10083,רבי ברוך בן יצחק ממגנצא,מגנצא,אשכנז,המאה ה-12,1140,1210,"מחבר ספר התרומה – ספר יסוד בהלכה ובמנהגי אשכנז","תלמידו של רבי יצחק בן אשר הלוי ורבי אליעזר ממגנצא; היה מרבותיו של מהר״ם מרוטנבורג","ספר התרומה; סה""ד; ס""י",מגנצא,מגנצא,,,4900,4970,1,ד׳תתק   ,ד׳תתקע' ,0,10083
10084,רבי יצחק בן משה,וינה,אשכנז,המאה ה-13,1180,1250,"פוסק, תלמיד מהר״ם מרוטנבורג; מחבר ספר אור זרוע","אחד מאבות ההלכה באשכנז המאוחרת; השפיע על הרא״ש והטור","ספר אור זרוע; סה""ד; ס""י",בוהמיה,וינה,האור זרוע,/imgOrZarua.jpg,,4940,5010,1,ד׳תתקמ' ,ה׳י'    ,0,10084
10085,רבי חיים בן יצחק,וינה,אשכנז,המאה ה-13,1220,1300,"בן בעל האור זרוע; פוסק עצמאי ובעל חידושים","ממשיך מסורת אביו והעביר את מורשת האור זרוע לדורות שאחריו; מצוטט ע״י תלמידי הרא״ש","סה""ד; ס""י; מבוא מהדורת אור זרוע",וינה,וינה,אור זרוע הקצר,,,4980,5060,1,ד׳תתקפ' ,ה׳ס'    ,0,10085
10086,רבי יעקב בן אשר,טולדו,ספרד,המאה ה14,1269,1343,בן הרא"ש,,,,גרמניה,בעל הטורים,/img/BaalHaTurim.jpg,,5029,5103,0,ה׳כ"ט   ,ה׳קג'   ,0,10086